"","Kingdom","Phylum","Class","Order","Family","Genus","Species"
"99deb3c5ecb022ec05609ebd1112a557","Bacteria","Bacteroidetes","Bacteroidia","Bacteroidales","Bacteroidaceae","Bacteroides","g.Bacteroides"
"b15193fce14759d1c06728933e044af6","Bacteria","Bacteroidetes","Bacteroidia","Bacteroidales","Bacteroidaceae","Bacteroides","uniformis"
"9d5054752ed33d6a22bd0f96b5618b1c","Bacteria","Bacteroidetes","Bacteroidia","Bacteroidales","Bacteroidaceae","Bacteroides","caccae"
"7b28c20e72c6c95b3e604f0849245770","Bacteria","Verrucomicrobia","Verrucomicrobiae","Verrucomicrobiales","Verrucomicrobiaceae","Akkermansia","muciniphila"
"742e1f191223f58590661de80b9d6e3b","Bacteria","Bacteroidetes","Bacteroidia","Bacteroidales","Rikenellaceae","f.Rikenellaceae","f.Rikenellaceae"
"333bbf9224442fc10cd497377d2b1d01","Bacteria","Bacteroidetes","Bacteroidia","Bacteroidales","Bacteroidaceae","Bacteroides","uniformis"
"3b010dbd9eae72a79f11af5d24eb3ca3","Bacteria","Verrucomicrobia","Verrucomicrobiae","Verrucomicrobiales","Verrucomicrobiaceae","Akkermansia","muciniphila"
"836cd5ea357ad392c00a7e48d921be1d","Bacteria","Bacteroidetes","Bacteroidia","Bacteroidales","Bacteroidaceae","Bacteroides","g.Bacteroides"
"00a96fbd0ac34bfd245f9c24f8737f7d","Bacteria","Firmicutes","Clostridia","Clostridiales","Lachnospiraceae","Blautia","obeum"
"d76d59ec71de0e3b22da0c9cd564d41a","Bacteria","Firmicutes","Clostridia","Clostridiales","Lachnospiraceae","f.Lachnospiraceae","f.Lachnospiraceae"
"b7e5e417da183df1d5cb33a51a10991d","Bacteria","Bacteroidetes","Bacteroidia","Bacteroidales","Bacteroidaceae","Bacteroides","fragilis"
"9e3226efaf559eb14a478f880462cb8a","Bacteria","Firmicutes","Clostridia","Clostridiales","Lachnospiraceae","[Ruminococcus]","g.[Ruminococcus]"
"7eb7e0a0f11063aedff53f4b38a31b59","Bacteria","Firmicutes","Clostridia","Clostridiales","Lachnospiraceae","Blautia","g.Blautia"
"f479c23321346918723839e33a3544f4","Bacteria","Firmicutes","Clostridia","Clostridiales","Ruminococcaceae","f.Ruminococcaceae","f.Ruminococcaceae"
"f09b6ee752454bc944448e79c63d441d","Bacteria","Firmicutes","Clostridia","Clostridiales","Lachnospiraceae","Blautia","g.Blautia"
"bf611493002f5918a68778bde2def567","Bacteria","Bacteroidetes","Bacteroidia","Bacteroidales","Bacteroidaceae","Bacteroides","ovatus"
"08bd43071a06abf56df235fca6655bea","Bacteria","Firmicutes","Clostridia","Clostridiales","Lachnospiraceae","[Ruminococcus]","torques"
"5f8d35126b0a7321413d21487ec72b73","Bacteria","Firmicutes","Erysipelotrichi","Erysipelotrichales","Erysipelotrichaceae","[Eubacterium]","dolichum"
"d114fb4c335125128be28401522dd41a","Bacteria","Firmicutes","Bacilli","Lactobacillales","Streptococcaceae","Lactococcus","g.Lactococcus"
"27f098662c8f87b4aaff903d9c0f28d3","Bacteria","Proteobacteria","Deltaproteobacteria","Desulfovibrionales","Desulfovibrionaceae","Bilophila","g.Bilophila"
"3955270229e2e147050222701726b606","Bacteria","Firmicutes","Clostridia","Clostridiales","Lachnospiraceae","Dorea","g.Dorea"
"05dbbf0301a9625e1f1a41470a92f7fe","Bacteria","Firmicutes","Clostridia","Clostridiales","Lachnospiraceae","Coprococcus","g.Coprococcus"
"e4ef1c7b616eb842c0ff7a327e83bd76","Bacteria","Bacteroidetes","Bacteroidia","Bacteroidales","Porphyromonadaceae","Parabacteroides","g.Parabacteroides"
"dbcdaca3ee9e9fe75d8829e87b8551dc","Bacteria","Proteobacteria","Betaproteobacteria","Burkholderiales","Alcaligenaceae","Sutterella","g.Sutterella"
"5a6c87d6a4eb5e114959f6192f29b641","Bacteria","Actinobacteria","Actinobacteria","Bifidobacteriales","Bifidobacteriaceae","Bifidobacterium","adolescentis"
"b0e56c25ca193e27096e8fb4eb560eee","Bacteria","Firmicutes","Clostridia","Clostridiales","Lachnospiraceae","f.Lachnospiraceae","f.Lachnospiraceae"
"824b9c5e131ccef5ab3286cfde31640c","Bacteria","Bacteroidetes","Bacteroidia","Bacteroidales","Bacteroidaceae","Bacteroides","g.Bacteroides"
"c67445ed68d61f49e41b7bdd1de019fb","Bacteria","Firmicutes","Clostridia","Clostridiales","Lachnospiraceae","f.Lachnospiraceae","f.Lachnospiraceae"
"15cfeb62055743aacb7f78e9aa86accd","Bacteria","Firmicutes","Clostridia","Clostridiales","Lachnospiraceae","f.Lachnospiraceae","f.Lachnospiraceae"
"47f770032218f91b352999ff1f663807","Bacteria","Firmicutes","Clostridia","Clostridiales","Lachnospiraceae","f.Lachnospiraceae","f.Lachnospiraceae"
"9908fffab7ed4f3bec44cda2f5084d49","Bacteria","Firmicutes","Bacilli","Lactobacillales","Enterococcaceae","Enterococcus","g.Enterococcus"
"1b8dec58597978264025b9eba656ffb5","Bacteria","Bacteroidetes","Bacteroidia","Bacteroidales","Bacteroidaceae","Bacteroides","ovatus"
"9d88acce7b2f13b58bf95d2f17ec8c2f","Bacteria","Bacteroidetes","Bacteroidia","Bacteroidales","Bacteroidaceae","Bacteroides","g.Bacteroides"
"4a9d619121f60f22b17fd67136eca047","Bacteria","Bacteroidetes","Bacteroidia","Bacteroidales","Bacteroidaceae","Bacteroides","g.Bacteroides"
"d46e2205f0c6ecf67b51f83d111c509c","Bacteria","Proteobacteria","Gammaproteobacteria","Enterobacteriales","Enterobacteriaceae","Escherichia","coli"
"76b39e86c95e0c7dd8b9c57b974f6532","Bacteria","Bacteroidetes","Bacteroidia","Bacteroidales","Bacteroidaceae","Bacteroides","ovatus"
"f5f5e0da89730462abaf6301a9557193","Bacteria","Firmicutes","Clostridia","Clostridiales","Ruminococcaceae","Faecalibacterium","prausnitzii"
"da8644094f1d480f3b3a6a03a7027ab4","Bacteria","Firmicutes","Clostridia","Clostridiales","Lachnospiraceae","f.Lachnospiraceae","f.Lachnospiraceae"
"8d1761da3df16fe43e34eea0112ba8fd","Bacteria","Bacteroidetes","Bacteroidia","Bacteroidales","Porphyromonadaceae","Parabacteroides","g.Parabacteroides"
"782a79a0725adc6ac22fc1fd15933a12","Bacteria","Firmicutes","Erysipelotrichi","Erysipelotrichales","Erysipelotrichaceae","[Eubacterium]","biforme"
"8e2daae0f076acb2d186378cb883210a","Bacteria","Firmicutes","Clostridia","Clostridiales","Ruminococcaceae","f.Ruminococcaceae","f.Ruminococcaceae"
"d8e7f9181e4d5a4a6453e9ca9996a43f","Bacteria","Bacteroidetes","Bacteroidia","Bacteroidales","Porphyromonadaceae","Parabacteroides","g.Parabacteroides"
"67a0fb4656443a145f3e8068e761faef","Bacteria","Firmicutes","Clostridia","Clostridiales","Lachnospiraceae","Blautia","g.Blautia"
"9639a3291729a3758207b47715d9205f","Bacteria","Firmicutes","Clostridia","Clostridiales","Ruminococcaceae","Faecalibacterium","prausnitzii"
"67e8859e108281ee7971084bfa759522","Bacteria","Firmicutes","Clostridia","Clostridiales","Lachnospiraceae","f.Lachnospiraceae","f.Lachnospiraceae"
"099e18bb9f8673a2b9d8f2c6ba63037c","Bacteria","Firmicutes","Clostridia","Clostridiales","Lachnospiraceae","Blautia","g.Blautia"
"412b0b2c43975195a230e493a7a2b763","Bacteria","Bacteroidetes","Bacteroidia","Bacteroidales","[Barnesiellaceae]","f.[Barnesiellaceae]","f.[Barnesiellaceae]"
"acf09e78b337fd51b09606fabf09493e","Bacteria","Firmicutes","Clostridia","Clostridiales","Peptococcaceae","rc4-4","g.rc4-4"
"77c2dc197e6b3dbebc4ee240c6a1c559","Bacteria","Firmicutes","Clostridia","Clostridiales","Ruminococcaceae","Oscillospira","g.Oscillospira"
"bea2245c01baedd6d4a6d6e4e857f9f6","Bacteria","Bacteroidetes","Bacteroidia","Bacteroidales","[Odoribacteraceae]","Butyricimonas","g.Butyricimonas"
"5fbc483f79cd97d3a7253931f37c33e8","Bacteria","Firmicutes","Clostridia","Clostridiales","Ruminococcaceae","Oscillospira","g.Oscillospira"
"be113850f984a95296ddceeb1a1d09df","Bacteria","Firmicutes","Clostridia","Clostridiales","Lachnospiraceae","f.Lachnospiraceae","f.Lachnospiraceae"
"360b8779251bfde96f1165e5202f83d6","Bacteria","Firmicutes","Clostridia","Clostridiales","Lachnospiraceae","f.Lachnospiraceae","f.Lachnospiraceae"
"5df1c5c06a1966d13b17f1f5df672777","Bacteria","Firmicutes","Clostridia","Clostridiales","Lachnospiraceae","f.Lachnospiraceae","f.Lachnospiraceae"
"61535a40adb8221483821e3984d0b1ac","Bacteria","Firmicutes","Clostridia","Clostridiales","Lachnospiraceae","f.Lachnospiraceae","f.Lachnospiraceae"
"8e57504dc983371fdfda46354894a84d","Bacteria","Firmicutes","Clostridia","Clostridiales","Lachnospiraceae","Blautia","g.Blautia"
"8e175abe6a746b8f33bae9cd7c8192bb","Bacteria","Firmicutes","Clostridia","Clostridiales","Ruminococcaceae","Faecalibacterium","prausnitzii"
"878fc53ff6f6333a92673b700951fa1b","Bacteria","Bacteroidetes","Bacteroidia","Bacteroidales","Porphyromonadaceae","Parabacteroides","distasonis"
"fd44d4cb468fd7dc9b3227867714ed87","Bacteria","Bacteroidetes","Bacteroidia","Bacteroidales","Bacteroidaceae","Bacteroides","g.Bacteroides"
"2724c03777afbe627457f813998c91c4","Bacteria","Firmicutes","Clostridia","Clostridiales","Lachnospiraceae","Dorea","g.Dorea"
"332a6411ff00b4010ac2397f504c4695","Bacteria","Bacteroidetes","Bacteroidia","Bacteroidales","Rikenellaceae","f.Rikenellaceae","f.Rikenellaceae"
"c6c3ab4e828fb40d6e05967b7aac9338","Bacteria","Firmicutes","Clostridia","Clostridiales","Lachnospiraceae","Blautia","g.Blautia"
"eeb139783378b765b72719ce6098b7ce","Bacteria","Firmicutes","Clostridia","Clostridiales","Lachnospiraceae","Blautia","obeum"
"e889880b1157bebf05922692774ac7bb","Bacteria","Firmicutes","Clostridia","Clostridiales","Lachnospiraceae","Dorea","g.Dorea"
"b621d4b3cca1ec89ceca12efca8a94fb","Bacteria","Firmicutes","Clostridia","Clostridiales","o.Clostridiales","o.Clostridiales","o.Clostridiales"
"cf0e29b1acfd7c9cc92b326cbfc88908","Bacteria","Firmicutes","Clostridia","Clostridiales","Eubacteriaceae","Pseudoramibacter_Eubacterium","g.Pseudoramibacter_Eubacterium"
"756e9c33696716a5484135c832f18f12","Bacteria","Firmicutes","Clostridia","Clostridiales","Ruminococcaceae","Ruminococcus","g.Ruminococcus"
"d00a358047dbcb9ce8d036d8f18962a7","Bacteria","Firmicutes","Clostridia","Clostridiales","Lachnospiraceae","Dorea","g.Dorea"
"d71feb1923fa288790187009e8efa6d3","Bacteria","Firmicutes","Clostridia","Clostridiales","Lachnospiraceae","Blautia","g.Blautia"
"d49783e7800974b5f2bcce554e26072e","Bacteria","Firmicutes","Clostridia","Clostridiales","Lachnospiraceae","Blautia","producta"
"fbd67349783ebeacc69814257b694d56","Bacteria","Bacteroidetes","Bacteroidia","Bacteroidales","Bacteroidaceae","Bacteroides","ovatus"
"a95c69e93b36c03971e1649191165142","Bacteria","Bacteroidetes","Bacteroidia","Bacteroidales","Bacteroidaceae","Bacteroides","g.Bacteroides"
"8343cf4c26bb977e05e4d9c5125441ef","Bacteria","Bacteroidetes","Bacteroidia","Bacteroidales","Porphyromonadaceae","Parabacteroides","distasonis"
"8795c5a86013864dc11f24b89e8cdd8c","Bacteria","Bacteroidetes","Bacteroidia","Bacteroidales","Rikenellaceae","f.Rikenellaceae","f.Rikenellaceae"
"5c32fb63928c658fd75ec55e0911f919","Bacteria","Bacteroidetes","Bacteroidia","Bacteroidales","[Odoribacteraceae]","Butyricimonas","g.Butyricimonas"
"7eac17dba253d45b7426ebc866487e31","Bacteria","Firmicutes","Clostridia","Clostridiales","Lachnospiraceae","f.Lachnospiraceae","f.Lachnospiraceae"
"6326f3883ecfa02452ebaa3af9c5d84c","Bacteria","Firmicutes","Clostridia","Clostridiales","Lachnospiraceae","f.Lachnospiraceae","f.Lachnospiraceae"
"605cc047d6200f294e043f8ce6cb5af7","Bacteria","Bacteroidetes","Bacteroidia","Bacteroidales","[Barnesiellaceae]","f.[Barnesiellaceae]","f.[Barnesiellaceae]"
"4102c0c9284b080a36ae312a7b497915","Bacteria","Proteobacteria","Deltaproteobacteria","Desulfovibrionales","Desulfovibrionaceae","Desulfovibrio","g.Desulfovibrio"
"773d5b8dad00664fae14be58062596b7","Bacteria","Firmicutes","Clostridia","Clostridiales","Lachnospiraceae","f.Lachnospiraceae","f.Lachnospiraceae"
"5149bdbf03de13bb38557d48d5141b87","Bacteria","Firmicutes","Clostridia","Clostridiales","Lachnospiraceae","[Ruminococcus]","gnavus"
"582a3efc9340062391d511f309dbb35b","Bacteria","Firmicutes","Clostridia","Clostridiales","Lachnospiraceae","f.Lachnospiraceae","f.Lachnospiraceae"
"58bd181f757283f5a4ceebdf90ff6243","Bacteria","Firmicutes","Clostridia","Clostridiales","Lachnospiraceae","[Ruminococcus]","g.[Ruminococcus]"
"a663a01aeb4dbb88bbe0a9840e8f64dc","Bacteria","Firmicutes","Erysipelotrichi","Erysipelotrichales","Erysipelotrichaceae","f.Erysipelotrichaceae","f.Erysipelotrichaceae"
"2e4f2b53b856c4def6d021d01f5abb70","Bacteria","Firmicutes","Clostridia","Clostridiales","Lachnospiraceae","[Ruminococcus]","gnavus"
"b5e0a6477e69e223d49eedc2c7c1b138","Bacteria","Firmicutes","Erysipelotrichi","Erysipelotrichales","Erysipelotrichaceae","[Eubacterium]","dolichum"
"de68af3f62b2b04e42f894e18839bb57","Bacteria","Firmicutes","Erysipelotrichi","Erysipelotrichales","Erysipelotrichaceae","f.Erysipelotrichaceae","f.Erysipelotrichaceae"
"6b5c5532185593c41966b2173ea9df1c","Bacteria","Firmicutes","Clostridia","Clostridiales","Lachnospiraceae","f.Lachnospiraceae","f.Lachnospiraceae"
"f98dab4619ff896a9cee45a9b9ddc792","Bacteria","Firmicutes","Clostridia","Clostridiales","Ruminococcaceae","Oscillospira","g.Oscillospira"
"c84d13308b8608a006759b82fcb5e4ac","Bacteria","Firmicutes","Clostridia","Clostridiales","Lachnospiraceae","Blautia","g.Blautia"
"70745fa69950bfb64db28e3afff2b1e5","Bacteria","Firmicutes","Clostridia","Clostridiales","Lachnospiraceae","Coprococcus","g.Coprococcus"
"04ca162b3dd2dc7f483ab3503bc605c3","Bacteria","Firmicutes","Erysipelotrichi","Erysipelotrichales","Erysipelotrichaceae","[Eubacterium]","dolichum"
"436a815753554d70443fef90dc861710","Bacteria","Firmicutes","Clostridia","Clostridiales","Lachnospiraceae","Blautia","obeum"
"5e3856a6c2426a4e3a75e77a223333e5","Bacteria","Actinobacteria","Coriobacteriia","Coriobacteriales","Coriobacteriaceae","f.Coriobacteriaceae","f.Coriobacteriaceae"
"a01206f0b17de33744bdac813c3c6eca","Bacteria","Proteobacteria","Deltaproteobacteria","Desulfovibrionales","Desulfovibrionaceae","Desulfovibrio","g.Desulfovibrio"
"ad139328ba8ac39c2e5ccef543df2deb","Bacteria","Firmicutes","Clostridia","Clostridiales","Ruminococcaceae","Ruminococcus","g.Ruminococcus"
"547ed9d63f007845c48db64ef3e5aab6","Bacteria","Bacteroidetes","Bacteroidia","Bacteroidales","Bacteroidaceae","Bacteroides","caccae"
"bed671b4676144142cebd192b690f499","Bacteria","Firmicutes","Clostridia","Clostridiales","Lachnospiraceae","Blautia","g.Blautia"
"0545208475631581b404f77c00d5b7f9","Bacteria","Bacteroidetes","Bacteroidia","Bacteroidales","[Odoribacteraceae]","Butyricimonas","g.Butyricimonas"
"fbd47bcedad25f5e19bae8d82a8ccc45","Bacteria","Firmicutes","Clostridia","Clostridiales","o.Clostridiales","o.Clostridiales","o.Clostridiales"
"da1d26d90a7443d34675778207d2c227","Bacteria","Firmicutes","Clostridia","Clostridiales","Ruminococcaceae","Oscillospira","g.Oscillospira"
"4533bf5ce3fb980fcb1a62e29b3b304b","Bacteria","Bacteroidetes","Bacteroidia","Bacteroidales","[Odoribacteraceae]","Butyricimonas","g.Butyricimonas"
"37016b5da4cd8bc8dfed10d3ece1e01d","Bacteria","Proteobacteria","Betaproteobacteria","Burkholderiales","Alcaligenaceae","Sutterella","g.Sutterella"
"bc6a59a66d65219dc321649375b9be2e","Bacteria","Firmicutes","Erysipelotrichi","Erysipelotrichales","Erysipelotrichaceae","[Eubacterium]","g.[Eubacterium]"
"8646bffa210e3f061cc57f1b1cf2f751","Bacteria","Firmicutes","Clostridia","Clostridiales","Lachnospiraceae","Clostridium","hathewayi"
"675c847bccbc53942ebb7b8cbb4efc4d","Bacteria","Bacteroidetes","Bacteroidia","Bacteroidales","Prevotellaceae","Prevotella","copri"
"e1f30b1b47f80404147cdeb7df90687b","Bacteria","Actinobacteria","Coriobacteriia","Coriobacteriales","Coriobacteriaceae","f.Coriobacteriaceae","f.Coriobacteriaceae"
"10d22a5b7973f88cbd71cac79cb7b92b","Bacteria","Firmicutes","Clostridia","Clostridiales","Lachnospiraceae","f.Lachnospiraceae","f.Lachnospiraceae"
"859576da50cf3142bbd269f87b2545c1","Bacteria","Firmicutes","Clostridia","Clostridiales","Lachnospiraceae","f.Lachnospiraceae","f.Lachnospiraceae"
"cc310148d41118668670367fc570ab7b","Bacteria","Firmicutes","Clostridia","Clostridiales","Ruminococcaceae","f.Ruminococcaceae","f.Ruminococcaceae"
"f8d0d5caceea62f4be2477d29163f163","Bacteria","Firmicutes","Clostridia","Clostridiales","Ruminococcaceae","Ruminococcus","g.Ruminococcus"
"0f7b183901acd60418685b4fe37472c7","Bacteria","Firmicutes","Clostridia","Clostridiales","Christensenellaceae","Christensenella","g.Christensenella"
"8d5153b41e59c5ffb5a1fc080eb784cf","Bacteria","Firmicutes","Clostridia","Clostridiales","Ruminococcaceae","Oscillospira","g.Oscillospira"
"35cbb315e019e0a8768d4b73862df415","Bacteria","Actinobacteria","Coriobacteriia","Coriobacteriales","Coriobacteriaceae","Collinsella","aerofaciens"
"ee6f1ad3007b7380824da57876e6c8c3","Bacteria","Firmicutes","Clostridia","Clostridiales","Ruminococcaceae","f.Ruminococcaceae","f.Ruminococcaceae"
"8538d07b8c1e8676f9b9c8c242aab14a","Bacteria","Firmicutes","Clostridia","Clostridiales","Ruminococcaceae","Ruminococcus","g.Ruminococcus"
"5edad5fe169fa3d414d60cf1f00af012","Bacteria","Firmicutes","Erysipelotrichi","Erysipelotrichales","Erysipelotrichaceae","PSB-M-3","g.PSB-M-3"
"a730ef0685ea600be854be1842a6b362","Bacteria","Bacteroidetes","Bacteroidia","Bacteroidales","[Odoribacteraceae]","Odoribacter","g.Odoribacter"
"32c99ead10486b0b4c3cfc79c646c7e7","Bacteria","Firmicutes","Clostridia","Clostridiales","Lachnospiraceae","f.Lachnospiraceae","f.Lachnospiraceae"
"0a68ec564e278b0246c920ad7de41880","Bacteria","Firmicutes","Clostridia","Clostridiales","Lachnospiraceae","Blautia","g.Blautia"
"4fba6fef450158c1bd1cbcb5a0e8f5e5","Bacteria","Bacteroidetes","Bacteroidia","Bacteroidales","Prevotellaceae","Prevotella","copri"
"506efac48dc5d5be2c0122c381639a3f","Bacteria","Bacteroidetes","Bacteroidia","Bacteroidales","Rikenellaceae","f.Rikenellaceae","f.Rikenellaceae"
"51ea85f428a5daaaf348c94671af386e","Bacteria","Firmicutes","Erysipelotrichi","Erysipelotrichales","Erysipelotrichaceae","Coprobacillus","g.Coprobacillus"
"26fd47ccdf6e43b0ced99c820140b86c","Bacteria","Bacteroidetes","Bacteroidia","Bacteroidales","[Odoribacteraceae]","Odoribacter","g.Odoribacter"
"149465e40c1bdbc6230588a58a4d6eb0","Bacteria","Firmicutes","Clostridia","Clostridiales","Ruminococcaceae","Ruminococcus","g.Ruminococcus"
"bd5ef8f372e09bcf6ec35825be4f053c","Bacteria","Firmicutes","Clostridia","Clostridiales","Lachnospiraceae","Dorea","g.Dorea"
"ab91da3196edced9017dcd7faab68cfd","Bacteria","Firmicutes","Clostridia","Clostridiales","Ruminococcaceae","Ruminococcus","g.Ruminococcus"
"d900eb33f6b4bc449aab64df16ae18b2","Bacteria","Bacteroidetes","Bacteroidia","Bacteroidales","Bacteroidaceae","Bacteroides","g.Bacteroides"
"c48070f3061b086b60ff32f77e0002fa","Bacteria","Firmicutes","Clostridia","Clostridiales","Ruminococcaceae","Faecalibacterium","prausnitzii"
"55e8fd9e2a3868ef69575fcb459fc7c5","Bacteria","Firmicutes","Clostridia","Clostridiales","Lachnospiraceae","f.Lachnospiraceae","f.Lachnospiraceae"
"6e57b32b545e72b802822e1554c70868","Bacteria","Firmicutes","Clostridia","Clostridiales","Lachnospiraceae","f.Lachnospiraceae","f.Lachnospiraceae"
"654bd3a0f2b6e57d15a2b223ea328d43","Bacteria","Firmicutes","Clostridia","Clostridiales","Lachnospiraceae","f.Lachnospiraceae","f.Lachnospiraceae"
"7a3090aa682623800304aca0da51c22c","Bacteria","Firmicutes","Erysipelotrichi","Erysipelotrichales","Erysipelotrichaceae","[Eubacterium]","dolichum"
"c24e0e391aa836b5eae25567c7eb89ee","Bacteria","Firmicutes","Clostridia","Clostridiales","Lachnospiraceae","[Ruminococcus]","gnavus"
"794c48d1c110499dbd6338457f2ed417","Bacteria","Firmicutes","Clostridia","Clostridiales","Lachnospiraceae","f.Lachnospiraceae","f.Lachnospiraceae"
"b8041ad15220306186360a69682fdd33","Bacteria","Firmicutes","Clostridia","Clostridiales","Lachnospiraceae","f.Lachnospiraceae","f.Lachnospiraceae"
"2d591aa40f28f8952d22863270016317","Bacteria","Firmicutes","Clostridia","Clostridiales","Lachnospiraceae","f.Lachnospiraceae","f.Lachnospiraceae"
"2489471b3729e885a2c1ddaa10774d8e","Bacteria","Firmicutes","Clostridia","Clostridiales","Ruminococcaceae","f.Ruminococcaceae","f.Ruminococcaceae"
"0b23a9d70f3b82bf32e37faebf175975","Bacteria","Firmicutes","Erysipelotrichi","Erysipelotrichales","Erysipelotrichaceae","[Eubacterium]","dolichum"
"3f9afe17105dd0c33bf41ce08824f362","Bacteria","Firmicutes","Clostridia","Clostridiales","Ruminococcaceae","f.Ruminococcaceae","f.Ruminococcaceae"
"efa231614a5eb97a385a5cae7b440348","Bacteria","Bacteroidetes","Bacteroidia","Bacteroidales","Rikenellaceae","Alistipes","indistinctus"
"d6aca1ce3a8896b5a4ac550a4108ddd9","Bacteria","Firmicutes","Clostridia","Clostridiales","Ruminococcaceae","f.Ruminococcaceae","f.Ruminococcaceae"
"f005c8c557afa9e8ed92a77753fc6770","Bacteria","Firmicutes","Clostridia","Clostridiales","Lachnospiraceae","[Ruminococcus]","g.[Ruminococcus]"
"e34528ad14c087b5097669c01925644b","Bacteria","Firmicutes","Clostridia","Clostridiales","o.Clostridiales","o.Clostridiales","o.Clostridiales"
"18765e2fa0cb8e8ca820d746a3a4f12b","Bacteria","Firmicutes","Clostridia","Clostridiales","Lachnospiraceae","f.Lachnospiraceae","f.Lachnospiraceae"
"c54ecd701d322d197b9000b235740969","Bacteria","Firmicutes","Clostridia","Clostridiales","Ruminococcaceae","f.Ruminococcaceae","f.Ruminococcaceae"
"452e8489334d0ba0cf7eeccea28f1364","Bacteria","Firmicutes","Clostridia","Clostridiales","Lachnospiraceae","[Ruminococcus]","g.[Ruminococcus]"
"f4cc6e4932f507b33d1335d801f54563","Bacteria","Firmicutes","Clostridia","Clostridiales","Lachnospiraceae","Dorea","formicigenerans"
"671f56cb9e843dbbacd5e8646ae48b4a","Bacteria","Actinobacteria","Coriobacteriia","Coriobacteriales","Coriobacteriaceae","Collinsella","g.Collinsella"
"fa3d2114cfb8f1e6185bb490a3548733","Bacteria","Bacteroidetes","Bacteroidia","Bacteroidales","[Paraprevotellaceae]","Paraprevotella","g.Paraprevotella"
"629f41c0de31ba20f5d2b3f4c69e09c1","Bacteria","Actinobacteria","Coriobacteriia","Coriobacteriales","Coriobacteriaceae","Eggerthella","lenta"
"6f980c6f3f2ffefd2013c721461cc1c6","Bacteria","Firmicutes","Erysipelotrichi","Erysipelotrichales","Erysipelotrichaceae","Holdemania","g.Holdemania"
"65990c74559e4adfaa672a884ad7d464","Bacteria","Firmicutes","Clostridia","Clostridiales","Lachnospiraceae","Coprococcus","catus"
"d11290f5a8d806b455f66a2c7ca1cad1","Bacteria","Firmicutes","Clostridia","Clostridiales","Ruminococcaceae","Ruminococcus","g.Ruminococcus"
"24cccadb274fef1f88113e8f019e2a63","Bacteria","Firmicutes","Clostridia","Clostridiales","[Mogibacteriaceae]","f.[Mogibacteriaceae]","f.[Mogibacteriaceae]"
"8be9dac75adfd36649c004c8b72de91d","Bacteria","Bacteroidetes","Bacteroidia","Bacteroidales","Bacteroidaceae","Bacteroides","g.Bacteroides"
"6afbda63b0750231cd586b402d745cd8","Bacteria","Firmicutes","Clostridia","Clostridiales","Lachnospiraceae","Blautia","g.Blautia"
"2c3ed27dcaae74227ccb28577447f3f4","Bacteria","Firmicutes","Clostridia","Clostridiales","Ruminococcaceae","Oscillospira","g.Oscillospira"
"d56fd4c21346f6d694c7e638f6bdcb70","Bacteria","Firmicutes","Clostridia","Clostridiales","Ruminococcaceae","f.Ruminococcaceae","f.Ruminococcaceae"
"504efe2f63f610a0f92e8cd040e2f916","Bacteria","Firmicutes","Clostridia","Clostridiales","Ruminococcaceae","f.Ruminococcaceae","f.Ruminococcaceae"
"64171591970510b1ec87e97b71b6c1a5","Bacteria","Firmicutes","Clostridia","Clostridiales","Lachnospiraceae","Blautia","g.Blautia"
"d515ae0a0b58aa13869a5966a80c98a9","Bacteria","Firmicutes","Clostridia","Clostridiales","Lachnospiraceae","f.Lachnospiraceae","f.Lachnospiraceae"
"d2c11050eefbc04d86fe53803f311827","Bacteria","Firmicutes","Clostridia","Clostridiales","Lachnospiraceae","[Ruminococcus]","gnavus"
"9b6acfb0708fe91f75081d6801659932","Bacteria","Firmicutes","Clostridia","Clostridiales","[Mogibacteriaceae]","f.[Mogibacteriaceae]","f.[Mogibacteriaceae]"
"6d2f0a10e36d7589233162bd8770c228","Bacteria","Actinobacteria","Coriobacteriia","Coriobacteriales","Coriobacteriaceae","Adlercreutzia","g.Adlercreutzia"
"33deb57a51743c338407d5c7e9b6f5fd","Bacteria","Firmicutes","Clostridia","Clostridiales","Clostridiaceae","SMB53","g.SMB53"
"8ca0b9917d926bb6241ce6e23673fce4","Bacteria","Firmicutes","Clostridia","Clostridiales","Lachnospiraceae","Blautia","g.Blautia"
"945184b6386c192c0066e0a98a154780","Bacteria","Proteobacteria","Gammaproteobacteria","Enterobacteriales","Enterobacteriaceae","f.Enterobacteriaceae","f.Enterobacteriaceae"
"889f033ba9c5bb9a721a2c7c84816ca6","Bacteria","Firmicutes","Clostridia","Clostridiales","[Mogibacteriaceae]","f.[Mogibacteriaceae]","f.[Mogibacteriaceae]"
"805c0959b90cd47bb52d9f6571c5fb6a","Bacteria","Firmicutes","Clostridia","Clostridiales","Ruminococcaceae","Oscillospira","g.Oscillospira"
"6ba98911efd5b1fa1cbba9f869562cce","Bacteria","Synergistetes","Synergistia","Synergistales","Synergistaceae","Cloacibacillus","g.Cloacibacillus"
"1a7a9d14747af9f14fcdabdef2549a77","Bacteria","Firmicutes","Clostridia","Clostridiales","Ruminococcaceae","Oscillospira","g.Oscillospira"
"69a11f927915e2a3ba1f7b9c84486527","Bacteria","Proteobacteria","Betaproteobacteria","Burkholderiales","Alcaligenaceae","Sutterella","g.Sutterella"
"cb7c9a82654d3ef267e1738cb0fe5569","Bacteria","Firmicutes","Clostridia","Clostridiales","Ruminococcaceae","Ruminococcus","g.Ruminococcus"
"4912cd4c1f9a773f88a73c258c25c825","Bacteria","Firmicutes","Clostridia","Clostridiales","Lachnospiraceae","Dorea","g.Dorea"
"ea00763b3eff28e6e109d14cb2cff8d5","Bacteria","Firmicutes","Clostridia","Clostridiales","Ruminococcaceae","Anaerofilum","g.Anaerofilum"
"61d5a39133848c5eb8d89a9dfb8f18ea","Bacteria","Firmicutes","Clostridia","Clostridiales","Lachnospiraceae","Dorea","g.Dorea"
"a63f65ad0f7a1ffc9e5ea828e95cdd6b","Bacteria","Firmicutes","Clostridia","Clostridiales","Lachnospiraceae","Blautia","g.Blautia"
"08d070e95350c4b1dcc905e734f59bf1","Bacteria","Firmicutes","Clostridia","Clostridiales","Christensenellaceae","f.Christensenellaceae","f.Christensenellaceae"
"3b4cabf8962f05db11ca9e79fa492351","Bacteria","Bacteroidetes","Bacteroidia","Bacteroidales","[Paraprevotellaceae]","Paraprevotella","g.Paraprevotella"
"d1a75593a480570277f05ec729b865de","Bacteria","Firmicutes","Clostridia","Clostridiales","Lachnospiraceae","[Ruminococcus]","gnavus"
"a248d70e41d75f4773ef7c94e831a21a","Bacteria","Firmicutes","Clostridia","Clostridiales","Lachnospiraceae","Dorea","g.Dorea"
"33762f188eb5f7c4edb64ec15a01f6f0","Bacteria","Actinobacteria","Coriobacteriia","Coriobacteriales","Coriobacteriaceae","Adlercreutzia","g.Adlercreutzia"
"a1f4181dee4857eb9c37b1be03b3cbea","Bacteria","Firmicutes","Clostridia","Clostridiales","o.Clostridiales","o.Clostridiales","o.Clostridiales"
"3411caa9f175f114c8f2539511e85682","Bacteria","Firmicutes","Clostridia","Clostridiales","Ruminococcaceae","Oscillospira","g.Oscillospira"
"748c5f14c648b743ad9e4b5ebfd761ff","Bacteria","Bacteroidetes","Bacteroidia","Bacteroidales","Bacteroidaceae","Bacteroides","g.Bacteroides"
"63bf1cd73165d97f3190397fb2cef8b9","Bacteria","Firmicutes","Erysipelotrichi","Erysipelotrichales","Erysipelotrichaceae","Holdemania","g.Holdemania"
"50c2e92f3b001c0f07a654b597605f95","Bacteria","Firmicutes","Clostridia","Clostridiales","Ruminococcaceae","Oscillospira","g.Oscillospira"
"97a604f0b7677461325e10432ce78290","Bacteria","Firmicutes","Clostridia","Clostridiales","Ruminococcaceae","f.Ruminococcaceae","f.Ruminococcaceae"
"b204a17b1a7f29074d81303d5ca68464","Bacteria","Firmicutes","Clostridia","Clostridiales","Ruminococcaceae","Anaerotruncus","g.Anaerotruncus"
"fb9b2e01165b968ed6df9c0f16231ebf","Bacteria","Bacteroidetes","p.Bacteroidetes","p.Bacteroidetes","p.Bacteroidetes","p.Bacteroidetes","p.Bacteroidetes"
"6d4fe16838ce84397bd418e10a2616d0","Bacteria","Firmicutes","Erysipelotrichi","Erysipelotrichales","Erysipelotrichaceae","Coprobacillus","g.Coprobacillus"
"b5c5a71372eea1709c1bff19a2f24272","Bacteria","Firmicutes","Clostridia","Clostridiales","o.Clostridiales","o.Clostridiales","o.Clostridiales"
"9f5eea39efd98c99eef7c1a14de416a2","Bacteria","Firmicutes","Clostridia","Clostridiales","Lachnospiraceae","Blautia","g.Blautia"
"6d914a702d3c71527cfb3484a6317810","Bacteria","Bacteroidetes","Bacteroidia","Bacteroidales","[Odoribacteraceae]","Butyricimonas","g.Butyricimonas"
"1d49df56b83a383d8b998af9d148f52c","Bacteria","Firmicutes","Clostridia","Clostridiales","Clostridiaceae","f.Clostridiaceae","f.Clostridiaceae"
"d76689ee901c3b8219aedbe9508f46ed","Bacteria","Bacteroidetes","Bacteroidia","Bacteroidales","Rikenellaceae","f.Rikenellaceae","f.Rikenellaceae"
"69310a7cff9f6b902cdfd08243784ace","Bacteria","Firmicutes","Clostridia","Clostridiales","Lachnospiraceae","f.Lachnospiraceae","f.Lachnospiraceae"
"ff376ce6067337dd934fdebe0a3cf2eb","Bacteria","Firmicutes","Clostridia","Clostridiales","Ruminococcaceae","Ruminococcus","g.Ruminococcus"
"1a78539b37f0546f2a1643da51ce7636","Bacteria","Firmicutes","Clostridia","Clostridiales","Lachnospiraceae","Coprococcus","g.Coprococcus"
"a07dbd6b81597b810de81ac0ad6caf26","Bacteria","Firmicutes","Clostridia","Clostridiales","Ruminococcaceae","f.Ruminococcaceae","f.Ruminococcaceae"
"fee421dd182111e1d718ac10decab1e9","Bacteria","Bacteroidetes","Bacteroidia","Bacteroidales","Rikenellaceae","f.Rikenellaceae","f.Rikenellaceae"
"52573485a4521e007e4c5217fc5d7c68","Bacteria","Firmicutes","Clostridia","Clostridiales","o.Clostridiales","o.Clostridiales","o.Clostridiales"
"a333ee090a52b582e1a0e2dd776eb937","Bacteria","Firmicutes","Erysipelotrichi","Erysipelotrichales","Erysipelotrichaceae","Coprobacillus","g.Coprobacillus"
"0e2573348777e55615736ca01785b7b4","Bacteria","Firmicutes","Clostridia","Clostridiales","Lachnospiraceae","f.Lachnospiraceae","f.Lachnospiraceae"
"a72bc4bbcb65e31aac628de5b9a9b0af","Bacteria","Firmicutes","Clostridia","Clostridiales","Christensenellaceae","f.Christensenellaceae","f.Christensenellaceae"
"a6d3beca765c1e2453b658614facf89f","Bacteria","Firmicutes","Clostridia","Clostridiales","Ruminococcaceae","Ruminococcus","g.Ruminococcus"
"5e581b06024ab980e25ee550e0b97247","Bacteria","Firmicutes","Clostridia","Clostridiales","Christensenellaceae","Christensenella","g.Christensenella"
"420f96256387d77de17ec28d160bb147","Bacteria","Firmicutes","Clostridia","Clostridiales","Ruminococcaceae","f.Ruminococcaceae","f.Ruminococcaceae"
"7c3d7711fd15460714ece118b35c0576","Bacteria","Firmicutes","Clostridia","Clostridiales","Ruminococcaceae","Anaerotruncus","g.Anaerotruncus"
"d4454a4ebd63a8e375dadd2632588f59","Bacteria","Firmicutes","Clostridia","Clostridiales","Ruminococcaceae","Ruminococcus","g.Ruminococcus"
"a18c0c17fce3d52dc60506e8730bc996","Bacteria","Firmicutes","Clostridia","Clostridiales","Ruminococcaceae","f.Ruminococcaceae","f.Ruminococcaceae"
"7261cbb86534c4057d6fe54bc4232846","Bacteria","Bacteroidetes","Bacteroidia","Bacteroidales","[Odoribacteraceae]","Butyricimonas","g.Butyricimonas"
"3120660c883750285d85c12f7d898f67","Bacteria","Firmicutes","Clostridia","Clostridiales","Ruminococcaceae","Oscillospira","g.Oscillospira"
"4d334598e144b1d31c0b92a301b5cc68","Bacteria","Firmicutes","Clostridia","Clostridiales","Lachnospiraceae","f.Lachnospiraceae","f.Lachnospiraceae"
"d23bbe506e4ded19e9dd017b65275bab","Bacteria","Firmicutes","Clostridia","Clostridiales","o.Clostridiales","o.Clostridiales","o.Clostridiales"
"2a8aea91e4fcf825e2983d6f8e66436d","Bacteria","Firmicutes","Clostridia","Clostridiales","Ruminococcaceae","f.Ruminococcaceae","f.Ruminococcaceae"
"ab1e4aeddde9eb4e80144c135051d941","Bacteria","Firmicutes","Clostridia","Clostridiales","Eubacteriaceae","Anaerofustis","g.Anaerofustis"
"7522d19b6cd971311b76b4c2345ffa71","Bacteria","Firmicutes","Clostridia","Clostridiales","Lachnospiraceae","Dorea","g.Dorea"
"ef1243f7818d1e35c1e968e8539173cf","Bacteria","Firmicutes","Clostridia","Clostridiales","Ruminococcaceae","Anaerotruncus","g.Anaerotruncus"
"1eaa3cb7baaac3220b0606e3621afd16","Bacteria","Bacteroidetes","Bacteroidia","Bacteroidales","Rikenellaceae","f.Rikenellaceae","f.Rikenellaceae"
"0aefb8063eaab894e5c4aa6ed1ece00c","Bacteria","Firmicutes","Clostridia","Clostridiales","Ruminococcaceae","Ruminococcus","g.Ruminococcus"
"3ca67f6b4d1581754c805ed5cc9d9093","Bacteria","Firmicutes","Clostridia","Clostridiales","Lachnospiraceae","Coprococcus","g.Coprococcus"
"c3f21101b8845fd1c974cb14578fb119","Bacteria","Firmicutes","Clostridia","Clostridiales","Christensenellaceae","f.Christensenellaceae","f.Christensenellaceae"
"c01a639562ba5a6915144b57bbb174f9","Bacteria","Firmicutes","Clostridia","Clostridiales","Lachnospiraceae","Blautia","g.Blautia"
"f94b14e11dfe405e48976839ca380380","Bacteria","Firmicutes","Clostridia","Clostridiales","Ruminococcaceae","f.Ruminococcaceae","f.Ruminococcaceae"
"1a9df3fbbc7fc8cecec4239cf801d2fc","Bacteria","Firmicutes","Clostridia","Clostridiales","Clostridiaceae","Clostridium","g.Clostridium"
"59fde92361d7af5a12b89009cc1665c3","Bacteria","Firmicutes","Clostridia","Clostridiales","Lachnospiraceae","f.Lachnospiraceae","f.Lachnospiraceae"
"6d23b1a911e94074b127424a8fb2d5ad","Bacteria","Firmicutes","Clostridia","Clostridiales","o.Clostridiales","o.Clostridiales","o.Clostridiales"
"9d583502f595e3a521989b645d50e327","Bacteria","Bacteroidetes","Bacteroidia","Bacteroidales","Rikenellaceae","f.Rikenellaceae","f.Rikenellaceae"
"82ce7d6661100567e07fb6a2f2b5159e","Bacteria","Firmicutes","Clostridia","Clostridiales","Ruminococcaceae","Ruminococcus","g.Ruminococcus"
"3dbcafdc23cc47523d7200d7bd4cccab","Bacteria","Firmicutes","Clostridia","Clostridiales","Ruminococcaceae","Ruminococcus","g.Ruminococcus"
"bff072be6820bb768214374ffe47a137","Bacteria","Firmicutes","Clostridia","Clostridiales","Eubacteriaceae","Anaerofustis","g.Anaerofustis"
"60614520ce7378162013d9e6054a37ef","Bacteria","Firmicutes","Clostridia","Clostridiales","Lachnospiraceae","f.Lachnospiraceae","f.Lachnospiraceae"
"3a4a246cdaf2ee7e109536faef354a46","Bacteria","Firmicutes","Clostridia","Clostridiales","Ruminococcaceae","Oscillospira","g.Oscillospira"
"93eeda5f66219d13caae77ea84f66a15","Bacteria","Firmicutes","Clostridia","Clostridiales","Lachnospiraceae","Coprococcus","g.Coprococcus"
"9e18b43f389956ba5ac3ddf810f39cb6","Bacteria","Firmicutes","Clostridia","Clostridiales","o.Clostridiales","o.Clostridiales","o.Clostridiales"
"596db8ce20ae5cbfdc338a62f1bed1d9","Bacteria","Firmicutes","Clostridia","Clostridiales","Ruminococcaceae","Ruminococcus","g.Ruminococcus"
"fc64ee80d1949441d9b05760efc8618d","Bacteria","Firmicutes","Clostridia","Clostridiales","Ruminococcaceae","f.Ruminococcaceae","f.Ruminococcaceae"
"de1e58dc4b4839c49dc701d8d7592a93","Bacteria","Firmicutes","Clostridia","Clostridiales","Lachnospiraceae","[Ruminococcus]","g.[Ruminococcus]"
"21401b105dc53b367b8fdc0ec97a9f02","Bacteria","Proteobacteria","Betaproteobacteria","Burkholderiales","Alcaligenaceae","Sutterella","g.Sutterella"
"b07af5f863fb0c1c6672a4b4980faa2d","Bacteria","Firmicutes","Clostridia","Clostridiales","Lachnospiraceae","f.Lachnospiraceae","f.Lachnospiraceae"
"71c741557b65664b0cb572fce880dce2","Bacteria","Firmicutes","Clostridia","Clostridiales","Christensenellaceae","f.Christensenellaceae","f.Christensenellaceae"
"4a4230232fbfa3b8cfd2cae77dc6feac","Bacteria","Actinobacteria","Coriobacteriia","Coriobacteriales","Coriobacteriaceae","f.Coriobacteriaceae","f.Coriobacteriaceae"
"ac603e12c4b975609374395b148a0a79","Bacteria","Firmicutes","Clostridia","Clostridiales","Lachnospiraceae","Dorea","g.Dorea"
"36c3c3e931ebb36c143c46739b848668","Bacteria","Firmicutes","Clostridia","Clostridiales","Lachnospiraceae","Coprococcus","g.Coprococcus"
"7b25fe2a8e4d57a05ef403d1d0e831e2","Bacteria","Firmicutes","Clostridia","Clostridiales","Ruminococcaceae","Oscillospira","g.Oscillospira"
"8c8a105de3169d2d55fcb9cfc2f52cf9","Bacteria","Firmicutes","Clostridia","Clostridiales","Lachnospiraceae","Coprococcus","g.Coprococcus"
"504b29d7282c288d06f7f26759d3fac9","Bacteria","Firmicutes","Clostridia","Clostridiales","Lachnospiraceae","f.Lachnospiraceae","f.Lachnospiraceae"
"42764707c5f0400036ee8777610a35c1","Bacteria","Firmicutes","Clostridia","Clostridiales","Lachnospiraceae","f.Lachnospiraceae","f.Lachnospiraceae"
"03b10adc566e93d23372c71edcf48b34","Bacteria","Firmicutes","Clostridia","Clostridiales","Ruminococcaceae","Ruminococcus","g.Ruminococcus"
"acad20cba7e5605d347ce9d6c0f58a34","Bacteria","Firmicutes","Clostridia","Clostridiales","Ruminococcaceae","Ruminococcus","g.Ruminococcus"
"a7e28b3f4879359a929a0da8c8557757","Bacteria","Firmicutes","Clostridia","Clostridiales","Christensenellaceae","f.Christensenellaceae","f.Christensenellaceae"
"8df31d859e0a5446b30ca0cd81ce907f","Bacteria","Firmicutes","Clostridia","Clostridiales","Ruminococcaceae","Ruminococcus","g.Ruminococcus"
"ad71b192343facecd54843bccb0470da","Bacteria","Actinobacteria","Coriobacteriia","Coriobacteriales","Coriobacteriaceae","f.Coriobacteriaceae","f.Coriobacteriaceae"
"c75b645c7673bfba5d403aefe379c885","Bacteria","Firmicutes","Clostridia","Clostridiales","Ruminococcaceae","f.Ruminococcaceae","f.Ruminococcaceae"
"4cdc5b820b31c7b2c0720f917d9cd3f7","Bacteria","Firmicutes","Clostridia","Clostridiales","Christensenellaceae","f.Christensenellaceae","f.Christensenellaceae"
