"","metabolites","genus","bcv.prob","stab.prob","refitted.coef","SUPER_PATHWAY","SUB_PATHWAY","moduleColor"
"1","(12 or 13)-methylmyristate (a15:0 or i15:0)","f.Christensenellaceae",0.84,0.89,0.176387729105633,"Lipid","Fatty Acid, Branched","brown"
"2","(12 or 13)-methylmyristate (a15:0 or i15:0)","Anaerotruncus",0.7,0.86,-0.0594568100453669,"Lipid","Fatty Acid, Branched","brown"
"3","(14 or 15)-methylpalmitate (a17:0 or i17:0)","f.Christensenellaceae",0.77,0.83,0.18154518136329,"Lipid","Fatty Acid, Branched","brown"
"4","(14 or 15)-methylpalmitate (a17:0 or i17:0)","Anaerotruncus",0.77,0.96,-0.09442220233347,"Lipid","Fatty Acid, Branched","brown"
"5","(16 or 17)-methylstearate (a19:0 or i19:0)","Faecalibacterium",0.75,0.64,0.057854432260979,"Lipid","Fatty Acid, Branched","brown"
"6","(16 or 17)-methylstearate (a19:0 or i19:0)","Anaerotruncus",0.88,0.98,-0.131750461376942,"Lipid","Fatty Acid, Branched","brown"
"7","1-(1-enyl-palmitoyl)-2-arachidonoyl-GPC (P-16:0/20:4)*","f.Enterobacteriaceae",0.77,0.91,0.0668396616060022,"Lipid","Plasmalogen","turquoise"
"8","1-(1-enyl-palmitoyl)-2-arachidonoyl-GPE (P-16:0/20:4)*","[Eubacterium]",0.73,0.9,-0.23448036492925,"Lipid","Plasmalogen","turquoise"
"9","1-(1-enyl-palmitoyl)-2-oleoyl-GPE (P-16:0/18:1)*","Faecalibacterium",0.7,0.77,0.0426288453082937,"Lipid","Plasmalogen","yellow"
"10","1-(1-enyl-stearoyl)-2-arachidonoyl-GPE (P-18:0/20:4)*","f.Enterobacteriaceae",0.8,0.91,0.0897482332692592,"Lipid","Plasmalogen","turquoise"
"11","1-(1-enyl-stearoyl)-2-arachidonoyl-GPE (P-18:0/20:4)*","Anaerotruncus",0.84,0.88,-0.0781005362293356,"Lipid","Plasmalogen","turquoise"
"12","1-(1-enyl-stearoyl)-2-oleoyl-GPE (P-18:0/18:1)","f.Enterobacteriaceae",0.7,0.91,0.0628387707629279,"Lipid","Plasmalogen","yellow"
"13","1-(1-enyl-stearoyl)-GPE (P-18:0)*","Anaerotruncus",0.83,0.91,-0.118345629901978,"Lipid","Lysoplasmalogen","brown"
"14","1-arachidonoyl-GPC* (20:4)*","Anaerotruncus",0.7,0.84,-0.063549881757448,"Lipid","Lysophospholipid","turquoise"
"15","1-arachidonoyl-GPE (20:4n6)*","Anaerotruncus",0.7,0.94,-0.0732119016947022,"Lipid","Lysophospholipid","turquoise"
"16","1-arachidonylglycerol (20:4)","f.Christensenellaceae",0.73,0.83,0.149013364017929,"Lipid","Monoacylglycerol","brown"
"17","1-arachidonylglycerol (20:4)","Anaerotruncus",0.83,0.99,-0.121986993856323,"Lipid","Monoacylglycerol","brown"
"18","1-carboxyethylisoleucine","f.Clostridiaceae",0.92,0.96,0.164265598971409,"Amino Acid","Leucine, Isoleucine and Valine Metabolism","pink"
"19","1-carboxyethylisoleucine","Clostridium",0.71,0.82,-0.0491945523703144,"Amino Acid","Leucine, Isoleucine and Valine Metabolism","pink"
"20","1-carboxyethylleucine","f.Clostridiaceae",0.79,0.86,0.113759353051019,"Amino Acid","Leucine, Isoleucine and Valine Metabolism","pink"
"21","1-carboxyethylleucine","f.Christensenellaceae",0.7,0.78,-0.130555827354376,"Amino Acid","Leucine, Isoleucine and Valine Metabolism","pink"
"22","1-carboxyethylphenylalanine","f.Clostridiaceae",0.74,0.89,0.120971597753647,"Amino Acid","Phenylalanine Metabolism","pink"
"23","1-carboxyethyltyrosine","f.Enterobacteriaceae",0.78,0.78,0.10052832531892,"Amino Acid","Tyrosine Metabolism","pink"
"24","1-carboxyethyltyrosine","f.Clostridiaceae",0.79,0.73,0.118247929078639,"Amino Acid","Tyrosine Metabolism","pink"
"25","1-carboxyethyltyrosine","f.Christensenellaceae",0.75,0.77,-0.100381723063231,"Amino Acid","Tyrosine Metabolism","pink"
"26","1-carboxyethylvaline","f.Clostridiaceae",0.87,0.95,0.140708141761054,"Amino Acid","Leucine, Isoleucine and Valine Metabolism","pink"
"27","1-dihomo-linolenylglycerol (20:3)","Anaerotruncus",0.92,1,-0.168785571740723,"Lipid","Monoacylglycerol","brown"
"28","1-docosahexaenoylglycerol (22:6)","Anaerotruncus",0.92,1,-0.151009822447761,"Lipid","Monoacylglycerol","brown"
"29","1-heptadecenoylglycerol (17:1)*","Anaerotruncus",0.94,1,-0.147309283337741,"Lipid","Monoacylglycerol","brown"
"30","1-linolenoylglycerol (18:3)","Anaerotruncus",0.82,0.96,-0.130031997856534,"Lipid","Monoacylglycerol","brown"
"31","1-linoleoyl-2-arachidonoyl-GPC (18:2/20:4n6)*","Alistipes",0.72,0.8,-0.108223555315127,"Lipid","Phosphatidylcholine (PC)","turquoise"
"32","1-linoleoyl-2-arachidonoyl-GPC (18:2/20:4n6)*","Faecalibacterium",0.78,0.77,0.0405122453883079,"Lipid","Phosphatidylcholine (PC)","turquoise"
"33","1-linoleoyl-2-arachidonoyl-GPE (18:2/20:4)*","Faecalibacterium",0.75,0.71,0.0547420338987087,"Lipid","Phosphatidylethanolamine (PE)","turquoise"
"34","1-linoleoyl-GPC (18:2)","Anaerotruncus",0.85,0.94,-0.112828221030042,"Lipid","Lysophospholipid","brown"
"35","1-linoleoylglycerol (18:2)","Anaerotruncus",0.81,0.98,-0.120039979868672,"Lipid","Monoacylglycerol","brown"
"36","1-myristoylglycerol (14:0)","Anaerotruncus",0.91,0.95,-0.130689974080601,"Lipid","Monoacylglycerol","brown"
"37","1-oleoyl-2-arachidonoyl-GPE (18:1/20:4)*","Alistipes",0.81,0.89,-0.167998457060616,"Lipid","Phosphatidylethanolamine (PE)","turquoise"
"38","1-oleoyl-2-arachidonoyl-GPE (18:1/20:4)*","f.Clostridiaceae",0.74,0.87,-0.0884877417151246,"Lipid","Phosphatidylethanolamine (PE)","turquoise"
"39","1-oleoyl-2-arachidonoyl-GPE (18:1/20:4)*","Faecalibacterium",0.85,0.91,0.062685439272396,"Lipid","Phosphatidylethanolamine (PE)","turquoise"
"40","1-oleoyl-2-arachidonoyl-GPE (18:1/20:4)*","f.Ruminococcaceae",0.7,0.8,0.176422444418657,"Lipid","Phosphatidylethanolamine (PE)","turquoise"
"41","1-oleoyl-2-docosahexaenoyl-GPC (18:1/22:6)*","Alistipes",0.81,0.9,-0.14230913836444,"Lipid","Phosphatidylcholine (PC)","turquoise"
"42","1-oleoyl-2-docosahexaenoyl-GPC (18:1/22:6)*","f.Enterobacteriaceae",0.7,0.74,0.0385972025921175,"Lipid","Phosphatidylcholine (PC)","turquoise"
"43","1-oleoyl-2-docosahexaenoyl-GPC (18:1/22:6)*","Faecalibacterium",0.81,0.83,0.0376378014787678,"Lipid","Phosphatidylcholine (PC)","turquoise"
"44","1-oleoyl-GPC (18:1)","Anaerotruncus",0.7,0.85,-0.0675340083688752,"Lipid","Lysophospholipid","turquoise"
"45","1-oleoylglycerol (18:1)","Anaerotruncus",0.89,0.98,-0.130195829112671,"Lipid","Monoacylglycerol","brown"
"46","1-palmitoleoyl-2-linolenoyl-GPC (16:1/18:3)*","Alistipes",0.75,0.81,-0.172088940347401,"Lipid","Phosphatidylcholine (PC)","turquoise"
"47","1-palmitoleoyl-2-linolenoyl-GPC (16:1/18:3)*","Faecalibacterium",0.8,0.87,0.0719216121507905,"Lipid","Phosphatidylcholine (PC)","turquoise"
"48","1-palmitoleoyl-2-linoleoyl-GPC (16:1/18:2)*","Faecalibacterium",0.72,0.8,0.0464289825774547,"Lipid","Phosphatidylcholine (PC)","turquoise"
"49","1-palmitoleoylglycerol (16:1)*","Anaerotruncus",0.92,0.99,-0.149780897801685,"Lipid","Monoacylglycerol","brown"
"50","1-palmitoyl-2-arachidonoyl-GPE (16:0/20:4)*","Faecalibacterium",0.71,0.69,0.0377040606372371,"Lipid","Phosphatidylethanolamine (PE)","turquoise"
"51","1-palmitoyl-2-docosahexaenoyl-GPE (16:0/22:6)*","Anaerofustis",0.71,0.88,-0.109198457438312,"Lipid","Phosphatidylethanolamine (PE)","turquoise"
"52","1-palmitoyl-2-docosahexaenoyl-GPE (16:0/22:6)*","f.Ruminococcaceae",0.73,0.87,0.26787736880369,"Lipid","Phosphatidylethanolamine (PE)","turquoise"
"53","1-palmitoyl-2-oleoyl-GPC (16:0/18:1)","Faecalibacterium",0.72,0.81,0.0392980811915271,"Lipid","Phosphatidylcholine (PC)","turquoise"
"54","1-palmitoyl-2-palmitoleoyl-GPC (16:0/16:1)*","f.Enterobacteriaceae",0.74,0.86,0.056059368385285,"Lipid","Phosphatidylcholine (PC)","turquoise"
"55","1-palmitoyl-2-palmitoleoyl-GPC (16:0/16:1)*","Faecalibacterium",0.72,0.78,0.0407978050482787,"Lipid","Phosphatidylcholine (PC)","turquoise"
"56","1-palmitoyl-2-palmitoleoyl-GPC (16:0/16:1)*","Anaerotruncus",0.74,0.88,-0.0858704477388154,"Lipid","Phosphatidylcholine (PC)","turquoise"
"57","1-palmitoyl-GPC (16:0)","Coprobacillus",0.75,0.86,0.0772885532041476,"Lipid","Lysophospholipid","turquoise"
"58","1-palmitoyl-GPI* (16:0)","Anaerotruncus",0.72,0.93,-0.0828698893656506,"Lipid","Lysophospholipid","pink"
"59","1-ribosyl-imidazoleacetate*","o.Clostridiales",0.86,0.83,-0.0903203121698691,"Amino Acid","Histidine Metabolism","yellow"
"60","1-ribosyl-imidazoleacetate*","Clostridium",0.7,0.83,-0.0428153868201331,"Amino Acid","Histidine Metabolism","yellow"
"61","1-stearoyl-2-arachidonoyl-GPC (18:0/20:4)","Alistipes",0.71,0.87,-0.104745731764567,"Lipid","Phosphatidylcholine (PC)","turquoise"
"62","1-stearoyl-2-arachidonoyl-GPC (18:0/20:4)","Anaerotruncus",0.76,0.86,-0.069942960296781,"Lipid","Phosphatidylcholine (PC)","turquoise"
"63","1-stearoyl-2-arachidonoyl-GPI (18:0/20:4)","f.Enterobacteriaceae",0.74,0.85,0.0458689042691973,"Lipid","Phosphatidylinositol (PI)","turquoise"
"64","1-stearoyl-2-arachidonoyl-GPS (18:0/20:4)","Faecalibacterium",0.71,0.76,0.0514989856426591,"Lipid","Phosphatidylserine (PS)","turquoise"
"65","1-stearoyl-2-oleoyl-GPC (18:0/18:1)","f.Enterobacteriaceae",0.81,0.88,0.077173544983745,"Lipid","Phosphatidylcholine (PC)","turquoise"
"66","1-stearoyl-GPI (18:0)","f.Clostridiaceae",0.74,0.78,-0.100258710750113,"Lipid","Lysophospholipid","pink"
"67","1-stearoyl-GPI (18:0)","f.Christensenellaceae",0.72,0.78,0.0941425688816061,"Lipid","Lysophospholipid","pink"
"68","1-stearoyl-GPI (18:0)","Anaerotruncus",0.84,0.97,-0.107369528365649,"Lipid","Lysophospholipid","pink"
"69","10-heptadecenoate (17:1n7)","f.Christensenellaceae",0.83,0.75,0.159358036628652,"Lipid","Long Chain Monounsaturated Fatty Acid","brown"
"70","10-heptadecenoate (17:1n7)","Faecalibacterium",0.8,0.68,0.0675125915726936,"Lipid","Long Chain Monounsaturated Fatty Acid","brown"
"71","10-heptadecenoate (17:1n7)","Anaerotruncus",0.92,0.97,-0.135577031705412,"Lipid","Long Chain Monounsaturated Fatty Acid","brown"
"72","10-nonadecenoate (19:1n9)","Anaerotruncus",0.95,1,-0.156184974307275,"Lipid","Long Chain Monounsaturated Fatty Acid","brown"
"73","12-HEPE","Anaerotruncus",0.81,0.96,-0.119151471567349,"Lipid","Eicosanoid","brown"
"74","2-hydroxy-3-methylvalerate","Prevotella",0.87,0.92,0.114500672682203,"Amino Acid","Leucine, Isoleucine and Valine Metabolism","grey"
"75","2-hydroxy-3-methylvalerate","Coprobacillus",0.72,0.78,0.0647384525492179,"Amino Acid","Leucine, Isoleucine and Valine Metabolism","grey"
"76","2-hydroxy-3-methylvalerate","Holdemania",0.71,0.72,0.071352149812015,"Amino Acid","Leucine, Isoleucine and Valine Metabolism","grey"
"77","2-hydroxy-3-methylvalerate","Ruminococcus",0.72,0.78,-0.126871272653369,"Amino Acid","Leucine, Isoleucine and Valine Metabolism","grey"
"78","2-hydroxybutyrate/2-hydroxyisobutyrate","f.Enterobacteriaceae",0.92,0.9,0.146128772503427,"Amino Acid","Glutathione Metabolism","blue"
"79","2-hydroxybutyrate/2-hydroxyisobutyrate","Coprobacillus",0.92,0.96,0.181081873765109,"Amino Acid","Glutathione Metabolism","blue"
"80","2-hydroxysebacate","f.Enterobacteriaceae",0.74,0.88,-0.0818406688375482,"Lipid","Fatty Acid, Dicarboxylate","red"
"81","2-hydroxysebacate","Anaerotruncus",0.76,0.86,0.0907846823055409,"Lipid","Fatty Acid, Dicarboxylate","red"
"82","2-methylbutyrylcarnitine (C5)","f.Enterobacteriaceae",0.72,0.75,0.0616390089957131,"Amino Acid","Leucine, Isoleucine and Valine Metabolism","blue"
"83","2-oxoarginine*","Anaerotruncus",0.75,0.84,-0.052455846581594,"Amino Acid","Urea cycle; Arginine and Proline Metabolism","yellow"
"84","2-palmitoyl-GPC* (16:0)*","Coprobacillus",0.77,0.74,0.0694846161544858,"Lipid","Lysophospholipid","turquoise"
"85","2-palmitoyl-GPC* (16:0)*","f.Ruminococcaceae",0.76,0.82,-0.188777799154416,"Lipid","Lysophospholipid","turquoise"
"86","2,3-dihydroxy-5-methylthio-4-pentenoate (DMTPA)*","f.Clostridiaceae",0.77,0.92,0.117246908341473,"Amino Acid","Methionine, Cysteine, SAM and Taurine Metabolism","blue"
"87","2,3-dihydroxyisovalerate","Alistipes",0.93,0.98,-0.220852847470282,"Xenobiotics","Food Component/Plant","grey"
"88","2,3-dihydroxyisovalerate","f.Clostridiaceae",0.93,0.94,-0.131413278093515,"Xenobiotics","Food Component/Plant","grey"
"89","2,3-dihydroxyisovalerate","f.Ruminococcaceae",0.71,0.79,0.136540371352679,"Xenobiotics","Food Component/Plant","grey"
"90","2,6-dihydroxybenzoic acid","f.Christensenellaceae",0.79,0.79,-0.111803287602673,"Xenobiotics","Drug - Topical Agents","blue"
"91","2,6-dihydroxybenzoic acid","[Eubacterium]",0.72,0.65,-0.149117285135816,"Xenobiotics","Drug - Topical Agents","blue"
"92","2'-deoxycytidine","Prevotella",0.73,0.79,0.0680063593917077,"Nucleotide","Pyrimidine Metabolism, Cytidine containing","green"
"93","2'-O-methyluridine","Anaerotruncus",0.78,0.89,0.07947256595548,"Nucleotide","Pyrimidine Metabolism, Uracil containing","turquoise"
"94","2R,3R-dihydroxybutyrate","Holdemania",0.72,0.81,0.055509651286699,"Lipid","Fatty Acid, Dihydroxy","blue"
"95","2S,3R-dihydroxybutyrate","Parabacteroides",0.89,0.9,-0.466438165525474,"Lipid","Fatty Acid, Dihydroxy","blue"
"96","2S,3R-dihydroxybutyrate","Holdemania",0.82,0.75,0.0798887786926325,"Lipid","Fatty Acid, Dihydroxy","blue"
"97","3-amino-2-piperidone","f.Christensenellaceae",0.78,0.84,-0.118483390345625,"Amino Acid","Urea cycle; Arginine and Proline Metabolism","blue"
"98","3-hydroxy-2-ethylpropionate","Parabacteroides",0.75,0.64,-0.150925260755937,"Amino Acid","Leucine, Isoleucine and Valine Metabolism","grey"
"99","3-hydroxy-2-ethylpropionate","rc4-4",0.72,0.69,0.0240382662363467,"Amino Acid","Leucine, Isoleucine and Valine Metabolism","grey"
"100","3-hydroxy-2-ethylpropionate","Coprobacillus",0.9,0.92,0.108516229041335,"Amino Acid","Leucine, Isoleucine and Valine Metabolism","grey"
"101","3-hydroxy-2-ethylpropionate","Anaerotruncus",0.92,0.97,-0.0765863350034467,"Amino Acid","Leucine, Isoleucine and Valine Metabolism","grey"
"102","3-hydroxyadipate*","Anaerofustis",0.71,0.95,-0.134879458323545,"Lipid","Fatty Acid, Dicarboxylate","turquoise"
"103","3-hydroxyadipate*","Anaerotruncus",0.77,0.78,0.066005745277508,"Lipid","Fatty Acid, Dicarboxylate","turquoise"
"104","3-hydroxybutyroylglycine","Faecalibacterium",0.7,0.72,0.0411723020932517,"Lipid","Fatty Acid Metabolism (Acyl Glycine)","red"
"105","3-hydroxypalmitate","f.Christensenellaceae",0.7,0.7,0.0794652465540979,"Lipid","Fatty Acid, Monohydroxy","green"
"106","3-indoxyl sulfate","f.Rikenellaceae",0.76,0.81,0.165651852852253,"Amino Acid","Tryptophan Metabolism","brown"
"107","3-methylcytidine","Coprobacillus",0.81,0.8,-0.0828501383221945,"Nucleotide","Pyrimidine Metabolism, Cytidine containing","turquoise"
"108","3-phosphoglycerate","f.[Mogibacteriaceae]",0.74,0.84,0.155598041716484,"Carbohydrate","Glycolysis, Gluconeogenesis, and Pyruvate Metabolism","brown"
"109","3-phosphoglycerate","Anaerotruncus",0.73,0.95,-0.0863780550220448,"Carbohydrate","Glycolysis, Gluconeogenesis, and Pyruvate Metabolism","brown"
"110","4-hydroxyphenylacetylglycine","Anaerotruncus",0.71,0.95,0.107994625221273,"Peptide","Acetylated Peptides","pink"
"111","4-imidazoleacetate","f.Enterobacteriaceae",0.79,0.85,0.105104103168362,"Amino Acid","Histidine Metabolism","yellow"
"112","4-imidazoleacetate","Holdemania",0.7,0.65,-0.0793894529443069,"Amino Acid","Histidine Metabolism","yellow"
"113","4-methyl-2-oxopentanoate","f.Enterobacteriaceae",0.75,0.92,0.0926830082342693,"Amino Acid","Leucine, Isoleucine and Valine Metabolism","blue"
"114","4-methyl-2-oxopentanoate","f.Christensenellaceae",0.79,0.86,-0.117931648831438,"Amino Acid","Leucine, Isoleucine and Valine Metabolism","blue"
"115","4-methylcatechol sulfate","f.Rikenellaceae",0.83,0.84,0.31182493580582,"Xenobiotics","Benzoate Metabolism","green"
"116","4-methylcatechol sulfate","Adlercreutzia",0.7,0.73,0.0835673591131208,"Xenobiotics","Benzoate Metabolism","green"
"117","4-methylhexanoylglycine","o.Clostridiales",0.82,0.82,-0.0675997031512271,"Lipid","Fatty Acid Metabolism (Acyl Glycine)","red"
"118","5-dodecenoate (12:1n7)","f.Christensenellaceae",0.72,0.73,0.0791609254867419,"Lipid","Medium Chain Fatty Acid","green"
"119","5-hydroxyhexanoate","Ruminococcus",0.78,0.98,-0.32404360583415,"Lipid","Fatty Acid, Monohydroxy","red"
"120","5-hydroxylysine","Anaerotruncus",0.88,0.96,0.106934970280058,"Amino Acid","Lysine Metabolism","turquoise"
"121","5-methyluridine (ribothymidine)","Anaerotruncus",0.76,0.9,0.0559700829520316,"Nucleotide","Pyrimidine Metabolism, Uracil containing","turquoise"
"122","5-oxoproline","f.Christensenellaceae",0.8,0.8,-0.125768054219187,"Amino Acid","Glutathione Metabolism","pink"
"123","5'- GMP","f.Enterobacteriaceae",0.79,0.82,0.0719887039198862,"Nucleotide","Purine Metabolism, Guanine containing","yellow"
"124","5'- GMP","Faecalibacterium",0.82,0.82,0.05995107369259,"Nucleotide","Purine Metabolism, Guanine containing","yellow"
"125","5'- GMP","Anaerotruncus",0.75,0.91,-0.0863047110039793,"Nucleotide","Purine Metabolism, Guanine containing","yellow"
"126","5'- GMP","Clostridium",0.8,0.82,0.0504711814431127,"Nucleotide","Purine Metabolism, Guanine containing","yellow"
"127","6-hydroxyindole sulfate","f.Rikenellaceae",0.85,0.89,0.195730705083496,"Xenobiotics","Chemical","brown"
"128","6-hydroxyindole sulfate","Collinsella",0.75,0.77,0.0756156424632736,"Xenobiotics","Chemical","brown"
"129","6-oxopiperidine-2-carboxylate","Coprobacillus",0.7,0.77,0.0727618750085122,"Amino Acid","Lysine Metabolism","blue"
"130","7-HOCA","Butyricimonas",0.83,0.83,-0.243801807339334,"Lipid","Sterol","grey"
"131","7-HOCA","f.Enterobacteriaceae",0.83,0.81,0.0984208431929876,"Lipid","Sterol","grey"
"132","7-HOCA","Clostridium",0.82,0.89,0.0755219896258735,"Lipid","Sterol","grey"
"133","7-methylguanine","Clostridium",0.74,0.84,-0.0546632348062823,"Nucleotide","Purine Metabolism, Guanine containing","brown"
"134","9-hydroxystearate","f.Enterobacteriaceae",0.73,0.83,0.0733487459701206,"Lipid","Fatty Acid, Monohydroxy","brown"
"135","9-hydroxystearate","Collinsella",0.78,0.76,-0.0903289527589304,"Lipid","Fatty Acid, Monohydroxy","brown"
"136","9-hydroxystearate","Anaerotruncus",0.85,0.93,-0.151458801416945,"Lipid","Fatty Acid, Monohydroxy","brown"
"137","adenine","f.Enterobacteriaceae",0.77,0.92,0.086785768363441,"Nucleotide","Purine Metabolism, Adenine containing","blue"
"138","adrenate (22:4n6)","f.Christensenellaceae",0.73,0.79,0.147308086181898,"Lipid","Long Chain Polyunsaturated Fatty Acid (n3 and n6)","brown"
"139","adrenate (22:4n6)","Faecalibacterium",0.79,0.68,0.0508525729369043,"Lipid","Long Chain Polyunsaturated Fatty Acid (n3 and n6)","brown"
"140","adrenate (22:4n6)","Anaerotruncus",0.94,0.99,-0.171232162865189,"Lipid","Long Chain Polyunsaturated Fatty Acid (n3 and n6)","brown"
"141","allantoic acid","[Eubacterium]",0.72,0.88,0.182797171130703,"Nucleotide","Purine Metabolism, (Hypo)Xanthine/Inosine containing","red"
"142","alpha-hydroxyisocaproate","Prevotella",0.72,0.85,0.0776967617130354,"Amino Acid","Leucine, Isoleucine and Valine Metabolism","blue"
"143","alpha-hydroxyisocaproate","Ruminococcus",0.93,0.92,-0.306981720868057,"Amino Acid","Leucine, Isoleucine and Valine Metabolism","blue"
"144","alpha-hydroxyisovalerate","Prevotella",0.8,0.82,0.0665541762417054,"Amino Acid","Leucine, Isoleucine and Valine Metabolism","grey"
"145","alpha-hydroxyisovalerate","Coprobacillus",0.71,0.61,0.060202469881192,"Amino Acid","Leucine, Isoleucine and Valine Metabolism","grey"
"146","alpha-hydroxyisovalerate","Ruminococcus",0.71,0.74,-0.150599815925848,"Amino Acid","Leucine, Isoleucine and Valine Metabolism","grey"
"147","AMP","f.Enterobacteriaceae",0.8,0.75,0.0491353634370747,"Nucleotide","Purine Metabolism, Adenine containing","yellow"
"148","AMP","Faecalibacterium",0.75,0.81,0.0507502598049668,"Nucleotide","Purine Metabolism, Adenine containing","yellow"
"149","AMP","Ruminococcus",0.85,0.92,-0.23390606344149,"Nucleotide","Purine Metabolism, Adenine containing","yellow"
"150","AMP","Clostridium",0.88,0.84,0.0465899043521961,"Nucleotide","Purine Metabolism, Adenine containing","yellow"
"151","arabitol/xylitol","f.Enterobacteriaceae",0.71,0.77,0.068884847220548,"Carbohydrate","Pentose Metabolism","blue"
"152","arabitol/xylitol","Anaerotruncus",0.83,0.99,0.0950863032871037,"Carbohydrate","Pentose Metabolism","blue"
"153","arabitol/xylitol","Ruminococcus",0.75,0.78,-0.192828391445805,"Carbohydrate","Pentose Metabolism","blue"
"154","arachidonate (20:4n6)","Anaerotruncus",0.91,0.99,-0.170375516588272,"Lipid","Long Chain Polyunsaturated Fatty Acid (n3 and n6)","brown"
"155","arachidonoylcholine","Bifidobacterium",0.79,0.69,-0.0558268474940403,"Lipid","Fatty Acid Metabolism (Acyl Choline)","pink"
"156","argininate*","f.Enterobacteriaceae",0.7,0.83,0.04532796226018,"Amino Acid","Urea cycle; Arginine and Proline Metabolism","yellow"
"157","betaine","Anaerotruncus",0.71,0.91,0.0646056959730513,"Amino Acid","Glycine, Serine and Threonine Metabolism","turquoise"
"158","bilirubin","Anaerotruncus",0.76,0.93,0.0888649917710569,"Cofactors and Vitamins","Hemoglobin and Porphyrin Metabolism","yellow"
"159","biopterin","Alistipes",0.71,0.84,-0.211696669912602,"Cofactors and Vitamins","Tetrahydrobiopterin Metabolism","brown"
"160","branched chain 14:0 dicarboxylic acid","Anaerotruncus",0.74,0.86,0.0636837696436849,"Lipid","Fatty Acid, Dicarboxylate","red"
"161","butyrylcarnitine (C4)","Anaerotruncus",0.7,0.83,-0.055619588418446,"Lipid","Fatty Acid Metabolism (also BCAA Metabolism)","blue"
"162","butyrylcarnitine (C4)","Ruminococcus",0.76,0.95,-0.379794575712435,"Lipid","Fatty Acid Metabolism (also BCAA Metabolism)","blue"
"163","carboxyethyl-GABA","f.Erysipelotrichaceae",0.75,0.69,-0.105193321368575,"Amino Acid","Glutamate Metabolism","grey"
"164","carboxyethyl-GABA","Ruminococcus",0.72,0.9,-0.344954905296721,"Amino Acid","Glutamate Metabolism","grey"
"165","carboxyethyl-GABA","Clostridium",0.73,0.83,0.0597382067461973,"Amino Acid","Glutamate Metabolism","grey"
"166","catechol sulfate","Paraprevotella",0.76,0.75,-0.0565381422486185,"Xenobiotics","Benzoate Metabolism","blue"
"167","catechol sulfate","f.Christensenellaceae",0.75,0.78,-0.0721052347486773,"Xenobiotics","Benzoate Metabolism","blue"
"168","catechol sulfate","Bifidobacterium",0.9,0.79,0.0638061116998608,"Xenobiotics","Benzoate Metabolism","blue"
"169","catechol sulfate","Coprobacillus",0.7,0.63,0.0444612261735542,"Xenobiotics","Benzoate Metabolism","blue"
"170","cis-4-decenoate (10:1n6)*","f.Ruminococcaceae",0.71,0.83,-0.152717750615271,"Lipid","Medium Chain Fatty Acid","green"
"171","citrate","f.Enterobacteriaceae",0.86,0.91,0.0800464883808803,"Energy","TCA Cycle","turquoise"
"172","cystathionine","f.Christensenellaceae",0.73,0.8,-0.0954269148448672,"Amino Acid","Methionine, Cysteine, SAM and Taurine Metabolism","blue"
"173","cysteinylglycine disulfide*","Alistipes",0.76,0.7,-0.140615225572254,"Amino Acid","Glutathione Metabolism","brown"
"174","cysteinylglycine disulfide*","Adlercreutzia",0.77,0.64,-0.0882654600794483,"Amino Acid","Glutathione Metabolism","brown"
"175","cysteinylglycine disulfide*","Anaerotruncus",0.84,0.95,-0.0973311450954261,"Amino Acid","Glutathione Metabolism","brown"
"176","cytosine","Collinsella",0.74,0.91,-0.0837924927148822,"Nucleotide","Pyrimidine Metabolism, Cytidine containing","grey"
"177","decanoylcarnitine (C10)","o.Clostridiales",0.71,0.72,-0.0529041395523834,"Lipid","Fatty Acid Metabolism (Acyl Carnitine, Medium Chain)","black"
"178","diglycerol","f.Enterobacteriaceae",0.79,0.81,0.0529506305699169,"Xenobiotics","Chemical","red"
"179","dihomo-linolenoyl-choline","f.Christensenellaceae",0.73,0.83,0.108525949364562,"Lipid","Fatty Acid Metabolism (Acyl Choline)","pink"
"180","dihomo-linolenoyl-choline","Bifidobacterium",0.8,0.65,-0.0614593281593706,"Lipid","Fatty Acid Metabolism (Acyl Choline)","pink"
"181","dihomolinoleate (20:2n6)","Anaerotruncus",0.92,1,-0.177432765301107,"Lipid","Long Chain Polyunsaturated Fatty Acid (n3 and n6)","brown"
"182","dihomolinolenate (20:3n3 or 3n6)","Anaerotruncus",0.93,1,-0.18080853932973,"Lipid","Long Chain Polyunsaturated Fatty Acid (n3 and n6)","brown"
"183","dimethyl sulfone","Parabacteroides",0.81,0.86,-0.324060693844677,"Xenobiotics","Chemical","blue"
"184","dimethyl sulfone","Eggerthella",0.78,0.72,0.10547824046567,"Xenobiotics","Chemical","blue"
"185","dimethylarginine (ADMA + SDMA)","Anaerofustis",0.77,0.79,-0.0886332320365366,"Amino Acid","Urea cycle; Arginine and Proline Metabolism","grey"
"186","dimethylarginine (ADMA + SDMA)","f.Christensenellaceae",0.94,0.9,-0.167292541271539,"Amino Acid","Urea cycle; Arginine and Proline Metabolism","grey"
"187","dimethylarginine (ADMA + SDMA)","f.Ruminococcaceae",0.89,0.81,0.254181782075998,"Amino Acid","Urea cycle; Arginine and Proline Metabolism","grey"
"188","dimethylarginine (ADMA + SDMA)","Anaerotruncus",0.97,0.93,0.149226128723972,"Amino Acid","Urea cycle; Arginine and Proline Metabolism","grey"
"189","docosadienoate (22:2n6)","Anaerotruncus",0.83,0.99,-0.145873418398846,"Lipid","Long Chain Polyunsaturated Fatty Acid (n3 and n6)","brown"
"190","docosadioate (C22-DC)","Anaerofustis",0.72,0.91,0.124936558337834,"Lipid","Fatty Acid, Dicarboxylate","grey"
"191","docosadioate (C22-DC)","Adlercreutzia",0.79,0.85,-0.122684146048509,"Lipid","Fatty Acid, Dicarboxylate","grey"
"192","docosadioate (C22-DC)","Coprobacillus",0.88,0.88,0.108436129229558,"Lipid","Fatty Acid, Dicarboxylate","grey"
"193","docosahexaenoate (DHA; 22:6n3)","Anaerotruncus",0.89,0.98,-0.143795008209839,"Lipid","Long Chain Polyunsaturated Fatty Acid (n3 and n6)","brown"
"194","docosahexaenoylcholine","f.Christensenellaceae",0.76,0.77,0.114325376375294,"Lipid","Fatty Acid Metabolism (Acyl Choline)","pink"
"195","docosahexaenoylcholine","Bifidobacterium",0.78,0.68,-0.0560933864017007,"Lipid","Fatty Acid Metabolism (Acyl Choline)","pink"
"196","docosapentaenoate (DPA; 22:5n3)","f.Christensenellaceae",0.72,0.78,0.14342497690957,"Lipid","Long Chain Polyunsaturated Fatty Acid (n3 and n6)","brown"
"197","docosapentaenoate (DPA; 22:5n3)","Anaerotruncus",0.9,1,-0.177070670716523,"Lipid","Long Chain Polyunsaturated Fatty Acid (n3 and n6)","brown"
"198","docosapentaenoate (n6 DPA; 22:5n6)","Faecalibacterium",0.78,0.69,0.0577606394877459,"Lipid","Long Chain Polyunsaturated Fatty Acid (n3 and n6)","brown"
"199","docosapentaenoate (n6 DPA; 22:5n6)","Anaerotruncus",0.87,0.95,-0.122835966614224,"Lipid","Long Chain Polyunsaturated Fatty Acid (n3 and n6)","brown"
"200","docosatrienoate (22:3n3)","Anaerotruncus",0.73,0.91,-0.109145787476815,"Lipid","Long Chain Polyunsaturated Fatty Acid (n3 and n6)","brown"
"201","docosatrienoate (22:3n6)*","f.Christensenellaceae",0.7,0.73,0.109211582259147,"Lipid","Long Chain Polyunsaturated Fatty Acid (n3 and n6)","brown"
"202","docosatrienoate (22:3n6)*","Anaerotruncus",0.93,0.98,-0.137357202962961,"Lipid","Long Chain Polyunsaturated Fatty Acid (n3 and n6)","brown"
"203","eicosanedioate (C20-DC)","f.Enterobacteriaceae",0.85,0.87,0.125324520286988,"Lipid","Fatty Acid, Dicarboxylate","yellow"
"204","eicosapentaenoate (EPA; 20:5n3)","Anaerotruncus",0.88,0.97,-0.144354939143445,"Lipid","Long Chain Polyunsaturated Fatty Acid (n3 and n6)","brown"
"205","eicosenoate (20:1n9 or 1n11)","Faecalibacterium",0.77,0.66,0.0572720044058569,"Lipid","Long Chain Monounsaturated Fatty Acid","brown"
"206","eicosenoate (20:1n9 or 1n11)","Anaerotruncus",0.93,0.98,-0.176780216139478,"Lipid","Long Chain Monounsaturated Fatty Acid","brown"
"207","ergothioneine","Anaerotruncus",0.87,0.93,-0.108146636670168,"Xenobiotics","Food Component/Plant","green"
"208","ergothioneine","Clostridium",0.84,0.77,0.0513888265079974,"Xenobiotics","Food Component/Plant","green"
"209","erucate (22:1n9)","Anaerotruncus",0.88,0.95,-0.115856686902629,"Lipid","Long Chain Monounsaturated Fatty Acid","brown"
"210","ethylmalonate","Ruminococcus",0.78,0.89,-0.433622813697974,"Amino Acid","Leucine, Isoleucine and Valine Metabolism","red"
"211","formiminoglutamate","Paraprevotella",0.7,0.82,-0.0814099929121282,"Amino Acid","Histidine Metabolism","blue"
"212","fructose","Escherichia",0.76,0.8,-0.0960142876163992,"Carbohydrate","Fructose, Mannose and Galactose Metabolism","green"
"213","fructose","[Eubacterium]",0.77,0.8,0.20491628202474,"Carbohydrate","Fructose, Mannose and Galactose Metabolism","green"
"214","fructosyllysine","f.Clostridiaceae",0.78,0.83,0.109148763342601,"Amino Acid","Lysine Metabolism","pink"
"215","fructosyllysine","Anaerotruncus",0.7,0.86,0.0624144700273716,"Amino Acid","Lysine Metabolism","pink"
"216","fumarate","f.Enterobacteriaceae",0.76,0.84,0.0853883475907966,"Energy","TCA Cycle","blue"
"217","fumarate","f.Clostridiaceae",0.8,0.85,0.117638355936682,"Energy","TCA Cycle","blue"
"218","galactonate","f.Clostridiaceae",0.75,0.79,0.0977157350153286,"Carbohydrate","Fructose, Mannose and Galactose Metabolism","turquoise"
"219","gamma-glutamyl-epsilon-lysine","Bacteroides",0.77,0.89,-0.332218235647788,"Peptide","Gamma-glutamyl Amino Acid","grey"
"220","gamma-glutamylglutamate","Holdemania",0.71,0.64,0.0569325198422709,"Peptide","Gamma-glutamyl Amino Acid","blue"
"221","gamma-glutamylglutamine","Holdemania",0.72,0.71,0.0529760429326509,"Peptide","Gamma-glutamyl Amino Acid","blue"
"222","gamma-glutamylmethionine","Ruminococcus",0.79,0.85,-0.165767204822749,"Peptide","Gamma-glutamyl Amino Acid","blue"
"223","gamma-glutamylthreonine","Holdemania",0.84,0.87,0.101233711640028,"Peptide","Gamma-glutamyl Amino Acid","blue"
"224","glutamine","f.Enterobacteriaceae",0.86,0.85,0.0989445494215782,"Amino Acid","Glutamate Metabolism","pink"
"225","glutathione, oxidized (GSSG)","Anaerotruncus",0.74,0.91,-0.105283665096747,"Amino Acid","Glutathione Metabolism","yellow"
"226","glycerol","f.Christensenellaceae",0.8,0.84,0.163729668736837,"Lipid","Glycerolipid Metabolism","brown"
"227","glycerol","Anaerotruncus",0.73,0.89,-0.0947753868959476,"Lipid","Glycerolipid Metabolism","brown"
"228","glycine","Faecalibacterium",0.78,0.78,0.041509138310675,"Amino Acid","Glycine, Serine and Threonine Metabolism","turquoise"
"229","glycine conjugate of C10H14O2 (1)*","Anaerotruncus",0.78,0.88,0.0822438390945016,"Partially Characterized Molecules","Partially Characterized Molecules","red"
"230","glycine conjugate of C6H10O2 (2)*","Anaerotruncus",0.72,0.81,0.064839184432851,"Partially Characterized Molecules","Partially Characterized Molecules","red"
"231","glycosyl-N-palmitoyl-sphingosine (d18:1/16:0)","Anaerotruncus",0.75,0.84,-0.0444208778826819,"Lipid","Hexosylceramides (HCER)","turquoise"
"232","heneicosapentaenoate (21:5n3)","Anaerotruncus",0.82,0.99,-0.131873445844314,"Lipid","Long Chain Polyunsaturated Fatty Acid (n3 and n6)","brown"
"233","hexadecadienoate (16:2n6)","f.Christensenellaceae",0.82,0.79,0.16302974849758,"Lipid","Long Chain Polyunsaturated Fatty Acid (n3 and n6)","brown"
"234","hexadecadienoate (16:2n6)","Anaerotruncus",0.71,0.94,-0.093657484845318,"Lipid","Long Chain Polyunsaturated Fatty Acid (n3 and n6)","brown"
"235","hexadecanedioate (C16)","f.Christensenellaceae",0.85,0.78,0.126302323947824,"Lipid","Fatty Acid, Dicarboxylate","black"
"236","hexadecenedioate (C16:1-DC)*","f.Enterobacteriaceae",0.7,0.82,0.0719585501148943,"Lipid","Fatty Acid, Dicarboxylate","black"
"237","hexanoyltaurine","Parabacteroides",0.76,0.82,0.367970469047608,"Lipid","Endocannabinoid","red"
"238","hexanoyltaurine","Akkermansia",0.7,0.84,-0.252032513564471,"Lipid","Endocannabinoid","red"
"239","hippurate","f.Christensenellaceae",0.75,0.91,-0.104690504401347,"Xenobiotics","Benzoate Metabolism","blue"
"240","histidine betaine (hercynine)*","Anaerotruncus",0.9,0.92,-0.12987953492318,"Xenobiotics","Food Component/Plant","brown"
"241","histidine betaine (hercynine)*","Clostridium",0.74,0.76,0.0594437052071035,"Xenobiotics","Food Component/Plant","brown"
"242","hydantoin-5-propionate","Paraprevotella",0.72,0.84,-0.0597664018044308,"Amino Acid","Histidine Metabolism","blue"
"243","hydantoin-5-propionate","f.Clostridiaceae",0.73,0.79,0.0791517454351903,"Amino Acid","Histidine Metabolism","blue"
"244","hydroxy-N6,N6,N6-trimethyllysine*","Anaerofustis",0.79,0.85,-0.10719488962983,"Amino Acid","Lysine Metabolism","blue"
"245","hydroxy-N6,N6,N6-trimethyllysine*","f.Ruminococcaceae",0.75,0.91,0.228259407036586,"Amino Acid","Lysine Metabolism","blue"
"246","hydroxymethylpyrimidine","Prevotella",0.72,0.82,-0.0499756023800155,"Cofactors and Vitamins","Thiamine Metabolism","pink"
"247","hydroxymethylpyrimidine","f.Enterobacteriaceae",0.71,0.75,-0.0464957628644889,"Cofactors and Vitamins","Thiamine Metabolism","pink"
"248","hydroxymethylpyrimidine","f.Clostridiaceae",0.92,0.92,0.118103394190386,"Cofactors and Vitamins","Thiamine Metabolism","pink"
"249","hydroxymethylpyrimidine","Enterococcus",0.74,0.74,0.0345162445091171,"Cofactors and Vitamins","Thiamine Metabolism","pink"
"250","hydroxymethylpyrimidine","Clostridium",0.87,0.83,-0.0567735914193133,"Cofactors and Vitamins","Thiamine Metabolism","pink"
"251","imidazole lactate","Prevotella",0.73,0.83,0.0611784994073577,"Amino Acid","Histidine Metabolism","turquoise"
"252","imidazole lactate","Alistipes",0.71,0.76,-0.130073995891626,"Amino Acid","Histidine Metabolism","turquoise"
"253","imidazole lactate","Lactococcus",0.71,0.76,0.216709869372556,"Amino Acid","Histidine Metabolism","turquoise"
"254","imidazole propionate","Anaerotruncus",0.74,0.87,-0.0431540913139376,"Amino Acid","Histidine Metabolism","yellow"
"255","indoleacetate","rc4-4",0.72,0.68,0.0491742655579773,"Amino Acid","Tryptophan Metabolism","blue"
"256","indoleacetate","Coprobacillus",0.93,0.81,0.152817036207105,"Amino Acid","Tryptophan Metabolism","blue"
"257","indoleacetate","Ruminococcus",0.89,0.93,-0.339956993289056,"Amino Acid","Tryptophan Metabolism","blue"
"258","indoleacetylglycine","rc4-4",0.79,0.73,0.0479940870892882,"Amino Acid","Tryptophan Metabolism","blue"
"259","indoleacetylglycine","Coprobacillus",0.83,0.7,0.0944123436974859,"Amino Acid","Tryptophan Metabolism","blue"
"260","indoleacetylglycine","Ruminococcus",0.75,0.84,-0.243521665630241,"Amino Acid","Tryptophan Metabolism","blue"
"261","indoleacrylate","Alistipes",0.79,0.82,-0.0713863542673146,"Amino Acid","Tryptophan Metabolism","grey"
"262","indoleacrylate","f.Rikenellaceae",0.73,0.85,0.0899055847750203,"Amino Acid","Tryptophan Metabolism","grey"
"263","indoleacrylate","f.Clostridiaceae",0.88,0.91,-0.0625147694823017,"Amino Acid","Tryptophan Metabolism","grey"
"264","indolepropionate","Alistipes",0.88,0.84,-0.0848207231250065,"Amino Acid","Tryptophan Metabolism","grey"
"265","indolepropionate","Coprobacillus",0.87,0.73,0.0607604236073189,"Amino Acid","Tryptophan Metabolism","grey"
"266","indoxyl glucuronide","f.Rikenellaceae",0.71,0.84,0.128257254805747,"Amino Acid","Tryptophan Metabolism","blue"
"267","inosine 5'-monophosphate (IMP)","Anaerotruncus",0.9,0.97,-0.178229624759116,"Nucleotide","Purine Metabolism, (Hypo)Xanthine/Inosine containing","brown"
"268","inosine 5'-monophosphate (IMP)","Clostridium",0.73,0.8,0.0497957849878943,"Nucleotide","Purine Metabolism, (Hypo)Xanthine/Inosine containing","brown"
"269","isocaproylglycine","o.Clostridiales",0.73,0.7,-0.0623066519057022,"Lipid","Fatty Acid Metabolism (Acyl Glycine)","red"
"270","isocitric lactone","Anaerofustis",0.72,0.85,-0.145458570986664,"Energy","TCA Cycle","blue"
"271","isoleucylhydroxyproline*","Anaerotruncus",0.75,0.88,0.0738649638512556,"Peptide","Dipeptide Derivative","turquoise"
"272","itaconate","Ruminococcus",0.81,0.84,-0.257315088129099,"Energy","TCA Cycle","turquoise"
"273","lactate","f.Clostridiaceae",0.74,0.76,0.0884225634140246,"Carbohydrate","Glycolysis, Gluconeogenesis, and Pyruvate Metabolism","pink"
"274","laurate (12:0)","f.Enterobacteriaceae",0.71,0.87,0.0697171099894139,"Lipid","Medium Chain Fatty Acid","brown"
"275","laurate (12:0)","f.Christensenellaceae",0.7,0.82,0.137158902680109,"Lipid","Medium Chain Fatty Acid","brown"
"276","laurate (12:0)","Faecalibacterium",0.71,0.58,0.0397849523924372,"Lipid","Medium Chain Fatty Acid","brown"
"277","laurate (12:0)","Anaerotruncus",0.72,0.88,-0.0732512346755606,"Lipid","Medium Chain Fatty Acid","brown"
"278","laurylcarnitine (C12)","Anaerotruncus",0.75,0.96,0.0818507172533771,"Lipid","Fatty Acid Metabolism (Acyl Carnitine, Medium Chain)","black"
"279","linoleate (18:2n6)","Faecalibacterium",0.72,0.64,0.0474494079815103,"Lipid","Long Chain Polyunsaturated Fatty Acid (n3 and n6)","brown"
"280","linoleate (18:2n6)","Anaerotruncus",0.89,0.98,-0.134460133072175,"Lipid","Long Chain Polyunsaturated Fatty Acid (n3 and n6)","brown"
"281","linolenate (18:3n3 or 3n6)","f.Christensenellaceae",0.82,0.79,0.18086634418333,"Lipid","Long Chain Polyunsaturated Fatty Acid (n3 and n6)","brown"
"282","linolenate (18:3n3 or 3n6)","Faecalibacterium",0.83,0.66,0.0598705193659468,"Lipid","Long Chain Polyunsaturated Fatty Acid (n3 and n6)","brown"
"283","linolenate (18:3n3 or 3n6)","Anaerotruncus",0.92,0.98,-0.143695529901755,"Lipid","Long Chain Polyunsaturated Fatty Acid (n3 and n6)","brown"
"284","linolenoylcarnitine (C18:3)*","Anaerotruncus",0.79,0.89,0.0839520360660486,"Lipid","Fatty Acid Metabolism (Acyl Carnitine, Polyunsaturated)","black"
"285","linoleoyl ethanolamide","f.Christensenellaceae",0.78,0.86,0.127033970294056,"Lipid","Endocannabinoid","brown"
"286","linoleoylcholine*","f.Christensenellaceae",0.78,0.8,0.159791084892737,"Lipid","Fatty Acid Metabolism (Acyl Choline)","pink"
"287","linoleoylcholine*","Bifidobacterium",0.71,0.6,-0.0465970613673262,"Lipid","Fatty Acid Metabolism (Acyl Choline)","pink"
"288","lysine","f.Christensenellaceae",0.73,0.8,-0.0825446285113237,"Amino Acid","Lysine Metabolism","blue"
"289","mannitol/sorbitol","Alistipes",0.76,0.82,0.113202858245323,"Carbohydrate","Fructose, Mannose and Galactose Metabolism","yellow"
"290","mannitol/sorbitol","Faecalibacterium",0.73,0.7,-0.0454102316834309,"Carbohydrate","Fructose, Mannose and Galactose Metabolism","yellow"
"291","mannitol/sorbitol","Clostridium",0.7,0.84,-0.034866421254138,"Carbohydrate","Fructose, Mannose and Galactose Metabolism","yellow"
"292","mannose","Akkermansia",0.74,0.7,-0.175829242272503,"Carbohydrate","Fructose, Mannose and Galactose Metabolism","green"
"293","mannose","f.Christensenellaceae",0.85,0.91,0.163623752825989,"Carbohydrate","Fructose, Mannose and Galactose Metabolism","green"
"294","margarate (17:0)","Anaerotruncus",0.91,0.99,-0.153651451205755,"Lipid","Long Chain Saturated Fatty Acid","brown"
"295","mead acid (20:3n9)","Faecalibacterium",0.83,0.81,0.0780778333386521,"Lipid","Long Chain Polyunsaturated Fatty Acid (n3 and n6)","brown"
"296","mead acid (20:3n9)","Anaerotruncus",0.9,0.95,-0.139991708235927,"Lipid","Long Chain Polyunsaturated Fatty Acid (n3 and n6)","brown"
"297","methionine sulfoxide","[Eubacterium]",0.7,0.72,-0.182304896897679,"Amino Acid","Methionine, Cysteine, SAM and Taurine Metabolism","blue"
"298","methyl glucopyranoside (alpha + beta)","f.Enterobacteriaceae",0.79,0.92,-0.0321960889051406,"Xenobiotics","Food Component/Plant","turquoise"
"299","methyl glucopyranoside (alpha + beta)","f.Clostridiaceae",0.77,0.85,0.0361036708968425,"Xenobiotics","Food Component/Plant","turquoise"
"300","methyl glucopyranoside (alpha + beta)","Anaerotruncus",0.72,0.88,0.0296611976584342,"Xenobiotics","Food Component/Plant","turquoise"
"301","methylsuccinate","f.Rikenellaceae",0.84,0.86,-0.227948553048379,"Amino Acid","Leucine, Isoleucine and Valine Metabolism","turquoise"
"302","myristate (14:0)","Alistipes",0.76,0.87,-0.21219271129922,"Lipid","Long Chain Saturated Fatty Acid","brown"
"303","myristate (14:0)","f.Christensenellaceae",0.84,0.91,0.215976231980989,"Lipid","Long Chain Saturated Fatty Acid","brown"
"304","myristate (14:0)","Faecalibacterium",0.79,0.61,0.0521177672139461,"Lipid","Long Chain Saturated Fatty Acid","brown"
"305","myristate (14:0)","Anaerotruncus",0.87,0.92,-0.14085105341943,"Lipid","Long Chain Saturated Fatty Acid","brown"
"306","myristoleate (14:1n5)","f.Christensenellaceae",0.71,0.74,0.0807262420672083,"Lipid","Long Chain Monounsaturated Fatty Acid","brown"
"307","N-acetyl-1-methylhistidine*","f.Enterobacteriaceae",0.82,0.94,0.0969527880169313,"Amino Acid","Histidine Metabolism","turquoise"
"308","N-acetyl-2-aminooctanoate*","f.Clostridiaceae",0.77,0.91,0.0930885137113978,"Lipid","Fatty Acid, Amino","green"
"309","N-acetyl-2-aminooctanoate*","Anaerotruncus",0.8,0.95,0.0710835432707935,"Lipid","Fatty Acid, Amino","green"
"310","N-acetyl-aspartyl-glutamate (NAAG)","Ruminococcus",0.82,0.89,-0.217667093720778,"Amino Acid","Glutamate Metabolism","blue"
"311","N-acetyl-beta-alanine","f.Rikenellaceae",0.72,0.72,-0.148958870906762,"Nucleotide","Pyrimidine Metabolism, Uracil containing","turquoise"
"312","N-acetyl-isoputreanine","f.Enterobacteriaceae",0.9,0.92,0.128509255016624,"Amino Acid","Polyamine Metabolism","grey"
"313","N-acetylalanine","Clostridium",0.78,0.92,-0.0636315241807783,"Amino Acid","Alanine and Aspartate Metabolism","blue"
"314","N-acetylarginine","f.Enterobacteriaceae",0.75,0.88,0.0719085209291336,"Amino Acid","Urea cycle; Arginine and Proline Metabolism","blue"
"315","N-acetylarginine","Anaerotruncus",0.74,0.85,-0.0433847843459705,"Amino Acid","Urea cycle; Arginine and Proline Metabolism","blue"
"316","N-acetylaspartate (NAA)","Ruminococcus",0.75,0.86,-0.18404308906859,"Amino Acid","Alanine and Aspartate Metabolism","blue"
"317","N-acetylglutamate","f.Enterobacteriaceae",0.78,0.81,0.0665889640987725,"Amino Acid","Glutamate Metabolism","blue"
"318","N-acetylisoleucine","f.Clostridiaceae",0.71,0.79,0.0932680462802964,"Amino Acid","Leucine, Isoleucine and Valine Metabolism","blue"
"319","N-acetylleucine","f.Clostridiaceae",0.83,0.86,0.0823857509004618,"Amino Acid","Leucine, Isoleucine and Valine Metabolism","blue"
"320","N-acetylleucine","f.Christensenellaceae",0.77,0.81,-0.101033425492258,"Amino Acid","Leucine, Isoleucine and Valine Metabolism","blue"
"321","N-acetylmethionine","f.Enterobacteriaceae",0.73,0.81,0.0804365897829797,"Amino Acid","Methionine, Cysteine, SAM and Taurine Metabolism","blue"
"322","N-acetylphenylalanine","f.Enterobacteriaceae",0.88,0.9,0.175326108326432,"Amino Acid","Phenylalanine Metabolism","blue"
"323","N-acetylproline","f.Enterobacteriaceae",0.75,0.72,0.0683945899646532,"Amino Acid","Urea cycle; Arginine and Proline Metabolism","pink"
"324","N-acetylproline","f.Clostridiaceae",0.77,0.72,0.0826080581077648,"Amino Acid","Urea cycle; Arginine and Proline Metabolism","pink"
"325","N-acetyltaurine","f.Enterobacteriaceae",0.71,0.82,0.057047687531643,"Amino Acid","Methionine, Cysteine, SAM and Taurine Metabolism","turquoise"
"326","N-acetyltryptophan","f.Enterobacteriaceae",0.83,0.83,0.117005424191615,"Amino Acid","Tryptophan Metabolism","blue"
"327","N-delta-acetylornithine","Parabacteroides",0.89,0.97,-0.283986446508868,"Amino Acid","Urea cycle; Arginine and Proline Metabolism","blue"
"328","N-delta-acetylornithine","f.Enterobacteriaceae",0.91,0.93,-0.0774919885565206,"Amino Acid","Urea cycle; Arginine and Proline Metabolism","blue"
"329","N-delta-acetylornithine","Eggerthella",0.7,0.55,0.0436673653750252,"Amino Acid","Urea cycle; Arginine and Proline Metabolism","blue"
"330","N-delta-acetylornithine","Coprobacillus",0.8,0.71,0.0624009768970162,"Amino Acid","Urea cycle; Arginine and Proline Metabolism","blue"
"331","N-delta-acetylornithine","Enterococcus",0.89,0.91,0.0332865552502421,"Amino Acid","Urea cycle; Arginine and Proline Metabolism","blue"
"332","N-linoleoyltaurine*","f.Clostridiaceae",0.84,0.86,-0.0940648637136403,"Lipid","Endocannabinoid","black"
"333","N-linoleoyltaurine*","Faecalibacterium",0.83,0.82,0.040204637809664,"Lipid","Endocannabinoid","black"
"334","N-monomethylarginine","f.Christensenellaceae",0.9,0.9,-0.165608847775111,"Amino Acid","Urea cycle; Arginine and Proline Metabolism","grey"
"335","N-monomethylarginine","Anaerotruncus",0.86,0.95,0.133447335485592,"Amino Acid","Urea cycle; Arginine and Proline Metabolism","grey"
"336","N-oleoyltaurine","f.Clostridiaceae",0.7,0.84,-0.0715069470510774,"Lipid","Endocannabinoid","black"
"337","N-palmitoyltaurine","Bifidobacterium",0.72,0.76,-0.0526316472445098,"Lipid","Endocannabinoid","green"
"338","N,N,N-trimethyl-5-aminovalerate","f.Enterobacteriaceae",0.76,0.75,-0.04118389026439,"Amino Acid","Lysine Metabolism","turquoise"
"339","N,N,N-trimethyl-alanylproline betaine (TMAP)","Alistipes",0.87,0.96,-0.274310686249149,"Amino Acid","Urea cycle; Arginine and Proline Metabolism","turquoise"
"340","N,N,N-trimethyl-alanylproline betaine (TMAP)","Faecalibacterium",0.72,0.76,0.031571665940201,"Amino Acid","Urea cycle; Arginine and Proline Metabolism","turquoise"
"341","N1-methylinosine","Coprobacillus",0.77,0.9,-0.104029811530588,"Nucleotide","Purine Metabolism, (Hypo)Xanthine/Inosine containing","green"
"342","N2,N2-dimethylguanosine","Anaerotruncus",0.86,0.91,0.0608481610590008,"Nucleotide","Purine Metabolism, Guanine containing","blue"
"343","N2,N5-diacetylornithine","Parabacteroides",0.94,0.96,-0.256525605046523,"Amino Acid","Urea cycle; Arginine and Proline Metabolism","blue"
"344","N2,N5-diacetylornithine","f.Enterobacteriaceae",0.71,0.91,-0.0492032967443268,"Amino Acid","Urea cycle; Arginine and Proline Metabolism","blue"
"345","N2,N5-diacetylornithine","Coprobacillus",0.72,0.67,0.0434996309051884,"Amino Acid","Urea cycle; Arginine and Proline Metabolism","blue"
"346","N6-acetyllysine","Bifidobacterium",0.77,0.67,0.058953101638111,"Amino Acid","Lysine Metabolism","blue"
"347","N6-carbamoylthreonyladenosine","f.Enterobacteriaceae",0.7,0.78,0.0767161060095074,"Nucleotide","Purine Metabolism, Adenine containing","brown"
"348","N6-carboxymethyllysine","f.Enterobacteriaceae",0.75,0.92,0.0612122513644728,"Carbohydrate","Advanced Glycation End-product","blue"
"349","N6,N6,N6-trimethyllysine","Alistipes",0.75,0.86,-0.249833503279594,"Amino Acid","Lysine Metabolism","grey"
"350","nicotinamide N-oxide","f.Clostridiaceae",0.71,0.94,-0.0789196504065727,"Cofactors and Vitamins","Nicotinate and Nicotinamide Metabolism","turquoise"
"351","nicotinamide riboside","Alistipes",0.82,0.91,-0.18463074233869,"Cofactors and Vitamins","Nicotinate and Nicotinamide Metabolism","red"
"352","nicotinate ribonucleoside","f.Clostridiaceae",0.71,0.81,0.0572642856336317,"Cofactors and Vitamins","Nicotinate and Nicotinamide Metabolism","turquoise"
"353","nisinate (24:6n3)","Anaerotruncus",0.85,1,-0.138366449491687,"Lipid","Long Chain Polyunsaturated Fatty Acid (n3 and n6)","brown"
"354","nonadecanoate (19:0)","Anaerotruncus",0.81,0.96,-0.112680622003728,"Lipid","Long Chain Saturated Fatty Acid","brown"
"355","O-sulfo-L-tyrosine","f.Christensenellaceae",0.75,0.88,-0.12579809880192,"Xenobiotics","Chemical","blue"
"356","octadecenedioate (C18:1-DC)*","f.Enterobacteriaceae",0.82,0.83,0.114661408454437,"Lipid","Fatty Acid, Dicarboxylate","black"
"357","octadecenedioate (C18:1-DC)*","f.Christensenellaceae",0.81,0.82,0.124548359783358,"Lipid","Fatty Acid, Dicarboxylate","black"
"358","oleate/vaccenate (18:1)","f.Christensenellaceae",0.71,0.73,0.125070327768806,"Lipid","Long Chain Monounsaturated Fatty Acid","brown"
"359","oleate/vaccenate (18:1)","Faecalibacterium",0.85,0.7,0.06505895537243,"Lipid","Long Chain Monounsaturated Fatty Acid","brown"
"360","oleate/vaccenate (18:1)","Anaerotruncus",0.91,0.96,-0.142100587558828,"Lipid","Long Chain Monounsaturated Fatty Acid","brown"
"361","oleoyl ethanolamide","f.Enterobacteriaceae",0.78,0.87,0.065416530870231,"Lipid","Endocannabinoid","brown"
"362","oleoylcholine","f.Christensenellaceae",0.71,0.81,0.111534779470737,"Lipid","Fatty Acid Metabolism (Acyl Choline)","pink"
"363","oleoylcholine","Bifidobacterium",0.76,0.69,-0.0530524268624422,"Lipid","Fatty Acid Metabolism (Acyl Choline)","pink"
"364","p-cresol glucuronide*","f.Rikenellaceae",0.92,0.95,0.37227653395554,"Amino Acid","Tyrosine Metabolism","green"
"365","p-cresol sulfate","f.Rikenellaceae",0.9,0.84,0.297081293105416,"Xenobiotics","Benzoate Metabolism","green"
"366","palmitate (16:0)","Faecalibacterium",0.75,0.59,0.0536004597495844,"Lipid","Long Chain Saturated Fatty Acid","brown"
"367","palmitate (16:0)","Anaerotruncus",0.89,0.98,-0.174807737884536,"Lipid","Long Chain Saturated Fatty Acid","brown"
"368","palmitoleate (16:1n7)","Alistipes",0.77,0.84,-0.161730000445249,"Lipid","Long Chain Monounsaturated Fatty Acid","brown"
"369","palmitoleate (16:1n7)","f.Christensenellaceae",0.89,0.87,0.185576272094876,"Lipid","Long Chain Monounsaturated Fatty Acid","brown"
"370","palmitoleate (16:1n7)","Faecalibacterium",0.79,0.67,0.052669834413247,"Lipid","Long Chain Monounsaturated Fatty Acid","brown"
"371","palmitoleate (16:1n7)","Anaerotruncus",0.9,0.93,-0.12816258826235,"Lipid","Long Chain Monounsaturated Fatty Acid","brown"
"372","palmitoyl ethanolamide","Anaerotruncus",0.7,0.89,-0.0940859264651388,"Lipid","Endocannabinoid","brown"
"373","palmitoylcholine","f.Christensenellaceae",0.75,0.8,0.124479007554133,"Lipid","Fatty Acid Metabolism (Acyl Choline)","pink"
"374","pantothenate (Vitamin B5)","f.Enterobacteriaceae",0.81,0.88,0.145712375908551,"Cofactors and Vitamins","Pantothenate and CoA Metabolism","blue"
"375","pentadecanoate (15:0)","Anaerotruncus",0.74,0.97,-0.0827462421821985,"Lipid","Long Chain Saturated Fatty Acid","brown"
"376","phenylalanylhydroxyproline*","f.Enterobacteriaceae",0.76,0.77,-0.0872112432505268,"Peptide","Dipeptide","blue"
"377","phenylalanylhydroxyproline*","Holdemania",0.82,0.86,0.0779224461759094,"Peptide","Dipeptide","blue"
"378","phosphocholine","Faecalibacterium",0.72,0.74,0.0576631162677392,"Lipid","Phospholipid Metabolism","grey"
"379","phosphocholine","Anaerotruncus",0.71,0.92,-0.0966825659928774,"Lipid","Phospholipid Metabolism","grey"
"380","pipecolate","f.Ruminococcaceae",0.83,0.94,0.291873832968614,"Amino Acid","Lysine Metabolism","blue"
"381","prolylhydroxyproline","f.Enterobacteriaceae",0.83,0.9,-0.0848400839767237,"Amino Acid","Urea cycle; Arginine and Proline Metabolism","grey"
"382","prolylhydroxyproline","Anaerotruncus",0.83,0.87,0.0943350040917593,"Amino Acid","Urea cycle; Arginine and Proline Metabolism","grey"
"383","pseudouridine","f.Clostridiaceae",0.78,0.83,-0.0665431192926507,"Nucleotide","Pyrimidine Metabolism, Uracil containing","turquoise"
"384","pyridoxal","f.Enterobacteriaceae",0.89,0.94,0.137127851471267,"Cofactors and Vitamins","Vitamin B6 Metabolism","blue"
"385","pyridoxate","Anaerotruncus",0.77,0.81,0.0792675377591089,"Cofactors and Vitamins","Vitamin B6 Metabolism","brown"
"386","pyroglutamine*","f.Clostridiaceae",0.9,0.98,-0.145510702494422,"Amino Acid","Glutamate Metabolism","blue"
"387","pyruvate","f.Clostridiaceae",0.8,0.82,0.0853873932478006,"Carbohydrate","Glycolysis, Gluconeogenesis, and Pyruvate Metabolism","yellow"
"388","pyruvate","[Eubacterium]",0.77,0.83,-0.150761943795149,"Carbohydrate","Glycolysis, Gluconeogenesis, and Pyruvate Metabolism","yellow"
"389","retinol (Vitamin A)","f.Enterobacteriaceae",0.7,0.88,0.0866697054068123,"Cofactors and Vitamins","Vitamin A Metabolism","turquoise"
"390","ribitol","Paraprevotella",0.81,0.83,-0.0755891657565769,"Carbohydrate","Pentose Metabolism","pink"
"391","ribitol","f.Clostridiaceae",0.87,0.95,0.106842973278607,"Carbohydrate","Pentose Metabolism","pink"
"392","ribitol","Anaerotruncus",0.83,0.89,0.0646738208514993,"Carbohydrate","Pentose Metabolism","pink"
"393","ribulonate/xylulonate/lyxonate*","[Eubacterium]",0.73,0.73,0.22323845169936,"Carbohydrate","Pentose Metabolism","red"
"394","ribulonate/xylulonate/lyxonate*","Clostridium",0.7,0.82,-0.0470959490468589,"Carbohydrate","Pentose Metabolism","red"
"395","S-1-pyrroline-5-carboxylate","Anaerotruncus",0.86,0.95,-0.106213273115402,"Amino Acid","Glutamate Metabolism","grey"
"396","sarcosine","f.Enterobacteriaceae",0.85,0.88,0.11562574316085,"Amino Acid","Glycine, Serine and Threonine Metabolism","blue"
"397","sebacate (C10-DC)","Akkermansia",0.75,0.84,-0.321248267775088,"Lipid","Fatty Acid, Dicarboxylate","red"
"398","sebacate (C10-DC)","Anaerotruncus",0.75,0.8,0.0708979034010512,"Lipid","Fatty Acid, Dicarboxylate","red"
"399","sebacate (C10-DC)","Ruminococcus",0.74,0.84,-0.289192132592039,"Lipid","Fatty Acid, Dicarboxylate","red"
"400","serotonin","f.Clostridiaceae",0.73,0.75,-0.0624115009166684,"Amino Acid","Tryptophan Metabolism","yellow"
"401","spermine","Anaerotruncus",0.79,0.92,-0.0791200622533442,"Amino Acid","Polyamine Metabolism","grey"
"402","spermine","Clostridium",0.71,0.71,0.0483847206438583,"Amino Acid","Polyamine Metabolism","grey"
"403","sphinganine","Bifidobacterium",0.7,0.5,0.0440349885395353,"Lipid","Sphingolipid Synthesis","turquoise"
"404","sphingomyelin (d18:2/24:1, d18:1/24:2)*","Alistipes",0.82,0.92,-0.176525845479987,"Lipid","Sphingomyelins","turquoise"
"405","sphingomyelin (d18:2/24:1, d18:1/24:2)*","Anaerotruncus",0.74,0.92,-0.0587451216267509,"Lipid","Sphingomyelins","turquoise"
"406","sphingosine 1-phosphate","Alistipes",0.7,0.76,0.148467011118286,"Lipid","Sphingosines","turquoise"
"407","stearate (18:0)","Anaerotruncus",0.79,0.98,-0.137166749642192,"Lipid","Long Chain Saturated Fatty Acid","brown"
"408","stearidonate (18:4n3)","f.Christensenellaceae",0.7,0.71,0.125237996942477,"Lipid","Long Chain Polyunsaturated Fatty Acid (n3 and n6)","brown"
"409","stearidonate (18:4n3)","Anaerotruncus",0.8,0.98,-0.105935913407638,"Lipid","Long Chain Polyunsaturated Fatty Acid (n3 and n6)","brown"
"410","stearoyl sphingomyelin (d18:1/18:0)","Holdemania",0.77,0.83,0.0682885257870791,"Lipid","Sphingomyelins","turquoise"
"411","stearoylcholine*","f.Christensenellaceae",0.75,0.79,0.129541607102938,"Lipid","Fatty Acid Metabolism (Acyl Choline)","pink"
"412","stearoylcholine*","Bifidobacterium",0.8,0.68,-0.0653597439651986,"Lipid","Fatty Acid Metabolism (Acyl Choline)","pink"
"413","stearoylcholine*","Anaerotruncus",0.73,0.9,-0.0604736316337193,"Lipid","Fatty Acid Metabolism (Acyl Choline)","pink"
"414","suberylglycine","f.Enterobacteriaceae",0.75,0.77,0.0521512282688928,"Lipid","Fatty Acid Metabolism (Acyl Glycine)","blue"
"415","suberylglycine","Anaerotruncus",0.9,0.91,-0.0881132179079135,"Lipid","Fatty Acid Metabolism (Acyl Glycine)","blue"
"416","succinoyltaurine","[Eubacterium]",0.73,0.75,0.200385858541412,"Amino Acid","Methionine, Cysteine, SAM and Taurine Metabolism","green"
"417","sucrose","Akkermansia",0.85,0.96,0.305958429456855,"Carbohydrate","Disaccharides and Oligosaccharides","blue"
"418","sucrose","f.Christensenellaceae",0.97,0.97,-0.287943470195521,"Carbohydrate","Disaccharides and Oligosaccharides","blue"
"419","sulfate*","f.Christensenellaceae",0.75,0.78,-0.132681233924341,"Xenobiotics","Chemical","brown"
"420","sulfate*","Anaerotruncus",0.82,0.9,0.0850208077778915,"Xenobiotics","Chemical","brown"
"421","tartarate","Alistipes",0.76,0.79,0.187395719485944,"Xenobiotics","Food Component/Plant","blue"
"422","tartarate","Akkermansia",0.82,0.93,0.337318788913952,"Xenobiotics","Food Component/Plant","blue"
"423","tartarate","f.Christensenellaceae",0.85,0.84,-0.139388473673771,"Xenobiotics","Food Component/Plant","blue"
"424","tartarate","Bifidobacterium",0.75,0.71,0.0531168735954791,"Xenobiotics","Food Component/Plant","blue"
"425","tartronate (hydroxymalonate)","Alistipes",0.75,0.73,-0.172880604871846,"Xenobiotics","Food Component/Plant","red"
"426","tartronate (hydroxymalonate)","Bifidobacterium",0.78,0.54,0.0467575014713605,"Xenobiotics","Food Component/Plant","red"
"427","tartronate (hydroxymalonate)","f.[Mogibacteriaceae]",0.86,0.87,0.203724662613123,"Xenobiotics","Food Component/Plant","red"
"428","tartronate (hydroxymalonate)","Faecalibacterium",0.74,0.67,0.0517187162331792,"Xenobiotics","Food Component/Plant","red"
"429","tauro-beta-muricholate","Anaerotruncus",0.87,0.87,-0.106259303278096,"Lipid","Primary Bile Acid Metabolism","green"
"430","tauro-beta-muricholate","Clostridium",0.87,0.9,0.0752468308810161,"Lipid","Primary Bile Acid Metabolism","green"
"431","taurochenodeoxycholate","f.Enterobacteriaceae",0.7,0.76,0.0597905947399748,"Lipid","Primary Bile Acid Metabolism","brown"
"432","taurochenodeoxycholate","Anaerotruncus",0.85,0.88,-0.0961103423890668,"Lipid","Primary Bile Acid Metabolism","brown"
"433","taurochenodeoxycholate","Clostridium",0.85,0.82,0.066732756501668,"Lipid","Primary Bile Acid Metabolism","brown"
"434","taurocholate","Anaerotruncus",0.81,0.9,-0.0914744982428737,"Lipid","Primary Bile Acid Metabolism","brown"
"435","taurocholate","Clostridium",0.76,0.77,0.0591677994868326,"Lipid","Primary Bile Acid Metabolism","brown"
"436","tauroursodeoxycholate","Anaerotruncus",0.9,0.93,-0.124379235580549,"Lipid","Secondary Bile Acid Metabolism","brown"
"437","tauroursodeoxycholate","Clostridium",0.71,0.78,0.0524416393584284,"Lipid","Secondary Bile Acid Metabolism","brown"
"438","tetradecanedioate (C14)","Holdemania",0.72,0.64,-0.0600822310942729,"Lipid","Fatty Acid, Dicarboxylate","black"
"439","thiamin (Vitamin B1)","f.Enterobacteriaceae",0.75,0.85,0.0526355907955178,"Cofactors and Vitamins","Thiamine Metabolism","blue"
"440","thiamin (Vitamin B1)","f.Clostridiaceae",0.78,0.92,0.0982065072716389,"Cofactors and Vitamins","Thiamine Metabolism","blue"
"441","thiamin monophosphate","f.Clostridiaceae",0.73,0.79,0.0937850776587884,"Cofactors and Vitamins","Thiamine Metabolism","blue"
"442","thioproline","Anaerofustis",0.81,0.93,0.137159984190757,"Xenobiotics","Chemical","turquoise"
"443","trans-urocanate","f.Christensenellaceae",0.83,0.88,-0.116611744876646,"Amino Acid","Histidine Metabolism","blue"
"444","tricarballylate","Prevotella",0.78,0.71,0.0576037573766987,"Energy","TCA Cycle","yellow"
"445","tricarballylate","Eggerthella",0.7,0.79,0.097056259698798,"Energy","TCA Cycle","yellow"
"446","tricarballylate","Ruminococcus",0.75,0.78,-0.155210382890207,"Energy","TCA Cycle","yellow"
"447","trigonelline (N'-methylnicotinate)","Ruminococcus",0.71,0.8,-0.16322910552437,"Cofactors and Vitamins","Nicotinate and Nicotinamide Metabolism","yellow"
"448","UMP","f.Enterobacteriaceae",0.78,0.85,0.0557074147239596,"Nucleotide","Pyrimidine Metabolism, Uracil containing","yellow"
"449","UMP","f.Ruminococcaceae",0.81,0.82,0.184535013662487,"Nucleotide","Pyrimidine Metabolism, Uracil containing","yellow"
"450","UMP","Anaerotruncus",0.86,0.99,-0.0851695664327223,"Nucleotide","Pyrimidine Metabolism, Uracil containing","yellow"
"451","urate","Clostridium",0.78,0.83,-0.0582783734255707,"Nucleotide","Purine Metabolism, (Hypo)Xanthine/Inosine containing","red"
"452","uridine","Anaerotruncus",0.87,0.96,0.115377994350981,"Nucleotide","Pyrimidine Metabolism, Uracil containing","pink"
"453","valerylcarnitine (C5)","f.Clostridiaceae",0.79,0.89,0.123695089100674,"Lipid","Fatty Acid Metabolism (Acyl Carnitine, Short Chain)","blue"
"454","xanthosine","[Eubacterium]",0.81,0.76,0.173793298034465,"Nucleotide","Purine Metabolism, (Hypo)Xanthine/Inosine containing","red"
"455","xanthosine","Anaerotruncus",0.78,0.93,0.0745656980971306,"Nucleotide","Purine Metabolism, (Hypo)Xanthine/Inosine containing","red"
